logN,N,modulus,label,trial,direct_kurtosis,ntt_kurtosis,abs_ntt_kurtosis,diff_from_sqrt125,direct_skewness,ntt_skewness
8,256,2251799813554177,N=256_q51bit,1,0.210152,-1.192746,1.192746,0.074712,0.376477,0.017124
8,256,2251799813554177,N=256_q51bit,2,-0.145240,-1.275458,1.275458,0.157424,-0.165262,-0.035959
8,256,2251799813554177,N=256_q51bit,3,0.051529,-1.259970,1.259970,0.141936,0.074919,-0.175148
8,256,2251799813554177,N=256_q51bit,4,-0.270690,-1.237473,1.237473,0.119439,-0.061589,-0.076100
8,256,2251799813554177,N=256_q51bit,5,-0.220642,-1.185267,1.185267,0.067233,0.023059,0.010350
8,256,2251799813554177,N=256_q51bit,6,-0.174126,-1.217148,1.217148,0.099114,0.162228,-0.012561
8,256,2251799813554177,N=256_q51bit,7,0.404094,-1.283557,1.283557,0.165523,-0.021466,0.125754
8,256,2251799813554177,N=256_q51bit,8,-0.038831,-1.188735,1.188735,0.070701,0.216058,-0.111434
8,256,2251799813554177,N=256_q51bit,9,-0.440827,-1.058099,1.058099,-0.059935,-0.110938,0.108766
8,256,2251799813554177,N=256_q51bit,10,-0.172588,-1.136712,1.136712,0.018678,-0.042213,0.114228
8,256,2251799813554177,N=256_q51bit,11,0.283978,-1.185960,1.185960,0.067926,0.104309,-0.010331
8,256,2251799813554177,N=256_q51bit,12,0.038964,-1.183543,1.183543,0.065510,0.000166,0.015143
8,256,2251799813554177,N=256_q51bit,13,-0.044351,-1.200872,1.200872,0.082838,-0.065938,-0.098994
8,256,2251799813554177,N=256_q51bit,14,0.153486,-1.099901,1.099901,-0.018133,0.314165,-0.028381
8,256,2251799813554177,N=256_q51bit,15,0.037324,-1.177508,1.177508,0.059474,0.166388,-0.013885
8,256,2251799813554177,N=256_q51bit,16,0.374586,-1.212300,1.212300,0.094266,0.006302,0.009675
8,256,2251799813554177,N=256_q51bit,17,-0.517742,-1.118126,1.118126,0.000092,-0.060800,0.002662
8,256,2251799813554177,N=256_q51bit,18,-0.012000,-1.197675,1.197675,0.079641,-0.112925,-0.061432
8,256,2251799813554177,N=256_q51bit,19,0.171615,-1.157032,1.157032,0.038998,-0.235073,0.148778
8,256,2251799813554177,N=256_q51bit,20,0.404215,-1.221291,1.221291,0.103257,-0.022046,-0.050852
9,512,2251799813554177,N=512_q51bit,1,0.065070,-1.120697,1.120697,0.002663,0.019441,-0.141153
9,512,2251799813554177,N=512_q51bit,2,0.027773,-1.163480,1.163480,0.045446,0.018508,0.034867
9,512,2251799813554177,N=512_q51bit,3,0.457459,-1.195098,1.195098,0.077064,0.079230,0.055506
9,512,2251799813554177,N=512_q51bit,4,0.014999,-1.262361,1.262361,0.144327,-0.034016,-0.042050
9,512,2251799813554177,N=512_q51bit,5,-0.223207,-1.189776,1.189776,0.071742,-0.017636,0.004106
9,512,2251799813554177,N=512_q51bit,6,0.161903,-1.232839,1.232839,0.114805,-0.012961,-0.007219
9,512,2251799813554177,N=512_q51bit,7,0.089505,-1.119285,1.119285,0.001251,0.010458,0.006793
9,512,2251799813554177,N=512_q51bit,8,-0.210681,-1.230456,1.230456,0.112422,-0.176314,-0.017474
9,512,2251799813554177,N=512_q51bit,9,0.281513,-1.216659,1.216659,0.098625,0.012284,-0.097191
9,512,2251799813554177,N=512_q51bit,10,-0.247029,-1.218768,1.218768,0.100734,-0.075838,-0.089738
9,512,2251799813554177,N=512_q51bit,11,0.033167,-1.191156,1.191156,0.073122,0.206098,-0.086777
9,512,2251799813554177,N=512_q51bit,12,0.572725,-1.126806,1.126806,0.008772,-0.021004,0.064323
9,512,2251799813554177,N=512_q51bit,13,0.339067,-1.140402,1.140402,0.022368,0.063676,-0.054297
9,512,2251799813554177,N=512_q51bit,14,0.261780,-1.197231,1.197231,0.079197,0.003833,0.014436
9,512,2251799813554177,N=512_q51bit,15,-0.209861,-1.217188,1.217188,0.099154,0.094507,0.045216
9,512,2251799813554177,N=512_q51bit,16,-0.367079,-1.152545,1.152545,0.034511,-0.067604,0.041532
9,512,2251799813554177,N=512_q51bit,17,0.275071,-1.185021,1.185021,0.066987,-0.019876,0.049529
9,512,2251799813554177,N=512_q51bit,18,-0.089034,-1.158932,1.158932,0.040898,-0.003727,-0.034539
9,512,2251799813554177,N=512_q51bit,19,-0.219171,-1.161691,1.161691,0.043657,0.127001,-0.061847
9,512,2251799813554177,N=512_q51bit,20,0.263753,-1.232440,1.232440,0.114406,-0.009013,-0.053128
10,1024,2251799813554177,N=1024_q51bit,1,0.210306,-1.189672,1.189672,0.071638,0.142916,0.019401
10,1024,2251799813554177,N=1024_q51bit,2,-0.151369,-1.203081,1.203081,0.085047,0.038597,-0.045979
10,1024,2251799813554177,N=1024_q51bit,3,0.139407,-1.189215,1.189215,0.071181,0.090758,-0.073157
10,1024,2251799813554177,N=1024_q51bit,4,-0.185383,-1.177129,1.177129,0.059095,-0.080009,0.062827
10,1024,2251799813554177,N=1024_q51bit,5,0.156715,-1.187300,1.187300,0.069266,-0.033930,-0.034631
10,1024,2251799813554177,N=1024_q51bit,6,0.105352,-1.241155,1.241155,0.123121,-0.085553,-0.068702
10,1024,2251799813554177,N=1024_q51bit,7,0.062707,-1.216049,1.216049,0.098015,-0.090981,-0.057498
10,1024,2251799813554177,N=1024_q51bit,8,0.185832,-1.182782,1.182782,0.064748,0.162646,0.021740
10,1024,2251799813554177,N=1024_q51bit,9,0.320872,-1.198819,1.198819,0.080785,-0.034634,-0.009493
10,1024,2251799813554177,N=1024_q51bit,10,-0.141517,-1.186192,1.186192,0.068158,-0.120369,0.053218
10,1024,2251799813554177,N=1024_q51bit,11,0.098070,-1.134581,1.134581,0.016547,0.104927,-0.000651
10,1024,2251799813554177,N=1024_q51bit,12,-0.083402,-1.215292,1.215292,0.097258,0.055677,-0.014774
10,1024,2251799813554177,N=1024_q51bit,13,-0.124848,-1.189013,1.189013,0.070979,0.089318,0.081871
10,1024,2251799813554177,N=1024_q51bit,14,-0.014751,-1.165845,1.165845,0.047811,-0.000701,-0.044591
10,1024,2251799813554177,N=1024_q51bit,15,-0.011007,-1.168825,1.168825,0.050791,0.046354,0.099044
10,1024,2251799813554177,N=1024_q51bit,16,0.071609,-1.137691,1.137691,0.019657,-0.120739,0.013821
10,1024,2251799813554177,N=1024_q51bit,17,0.091738,-1.171436,1.171436,0.053402,-0.113129,-0.008189
10,1024,2251799813554177,N=1024_q51bit,18,-0.055120,-1.173209,1.173209,0.055175,-0.067336,0.037659
10,1024,2251799813554177,N=1024_q51bit,19,-0.084552,-1.207028,1.207028,0.088994,0.154882,0.007652
10,1024,2251799813554177,N=1024_q51bit,20,0.016844,-1.246086,1.246086,0.128052,0.004631,0.027230
11,2048,2251799813554177,N=2048_q51bit,1,-0.087764,-1.191413,1.191413,0.073379,-0.002282,0.032440
11,2048,2251799813554177,N=2048_q51bit,2,-0.027738,-1.224007,1.224007,0.105974,0.006834,-0.041534
11,2048,2251799813554177,N=2048_q51bit,3,0.078065,-1.192021,1.192021,0.073987,-0.023973,-0.041540
11,2048,2251799813554177,N=2048_q51bit,4,0.181679,-1.237970,1.237970,0.119936,0.064280,0.035693
11,2048,2251799813554177,N=2048_q51bit,5,-0.160133,-1.214337,1.214337,0.096303,-0.075376,0.032919
11,2048,2251799813554177,N=2048_q51bit,6,0.201178,-1.213033,1.213033,0.094999,0.016797,0.019623
11,2048,2251799813554177,N=2048_q51bit,7,-0.002212,-1.210833,1.210833,0.092799,-0.050106,-0.011455
11,2048,2251799813554177,N=2048_q51bit,8,0.100188,-1.209050,1.209050,0.091016,0.018418,0.035449
11,2048,2251799813554177,N=2048_q51bit,9,0.076287,-1.204361,1.204361,0.086327,0.029910,-0.010643
11,2048,2251799813554177,N=2048_q51bit,10,-0.016592,-1.197339,1.197339,0.079305,-0.054145,0.016251
11,2048,2251799813554177,N=2048_q51bit,11,-0.063586,-1.233408,1.233408,0.115374,0.011398,0.002460
11,2048,2251799813554177,N=2048_q51bit,12,-0.104065,-1.178064,1.178064,0.060030,0.052809,0.062496
11,2048,2251799813554177,N=2048_q51bit,13,0.071974,-1.195514,1.195514,0.077480,-0.024511,-0.025183
11,2048,2251799813554177,N=2048_q51bit,14,-0.109846,-1.169571,1.169571,0.051537,-0.001775,0.046042
11,2048,2251799813554177,N=2048_q51bit,15,0.129709,-1.230965,1.230965,0.112931,-0.018213,-0.014218
11,2048,2251799813554177,N=2048_q51bit,16,-0.050491,-1.203440,1.203440,0.085406,0.061487,0.005899
11,2048,2251799813554177,N=2048_q51bit,17,-0.063165,-1.160643,1.160643,0.042609,-0.027515,-0.038299
11,2048,2251799813554177,N=2048_q51bit,18,-0.015564,-1.233277,1.233277,0.115243,-0.114845,0.032793
11,2048,2251799813554177,N=2048_q51bit,19,-0.163531,-1.180384,1.180384,0.062350,0.084149,0.019707
11,2048,2251799813554177,N=2048_q51bit,20,0.170100,-1.226789,1.226789,0.108755,0.175304,-0.032737
12,4096,2251799813554177,N=4096_q51bit,1,0.153042,-1.220447,1.220447,0.102413,0.002803,-0.001507
12,4096,2251799813554177,N=4096_q51bit,2,0.065718,-1.195625,1.195625,0.077591,0.067134,-0.013117
12,4096,2251799813554177,N=4096_q51bit,3,-0.069293,-1.210077,1.210077,0.092043,0.028113,-0.014444
12,4096,2251799813554177,N=4096_q51bit,4,0.064214,-1.188152,1.188152,0.070118,0.018579,0.002087
12,4096,2251799813554177,N=4096_q51bit,5,0.008690,-1.180884,1.180884,0.062850,0.007844,-0.044150
12,4096,2251799813554177,N=4096_q51bit,6,0.047504,-1.214899,1.214899,0.096865,-0.051328,0.008695
12,4096,2251799813554177,N=4096_q51bit,7,0.027481,-1.155408,1.155408,0.037374,-0.002035,-0.029082
12,4096,2251799813554177,N=4096_q51bit,8,-0.009646,-1.225667,1.225667,0.107633,0.037496,0.012828
12,4096,2251799813554177,N=4096_q51bit,9,0.093184,-1.215955,1.215955,0.097921,-0.057887,0.012674
12,4096,2251799813554177,N=4096_q51bit,10,-0.070187,-1.208856,1.208856,0.090822,-0.023262,-0.004026
12,4096,2251799813554177,N=4096_q51bit,11,0.127860,-1.166109,1.166109,0.048075,-0.025603,-0.028468
12,4096,2251799813554177,N=4096_q51bit,12,-0.066335,-1.178074,1.178074,0.060040,-0.034923,-0.014175
12,4096,2251799813554177,N=4096_q51bit,13,-0.102317,-1.168541,1.168541,0.050507,0.024915,0.002660
12,4096,2251799813554177,N=4096_q51bit,14,0.024756,-1.202547,1.202547,0.084513,0.000626,-0.017189
12,4096,2251799813554177,N=4096_q51bit,15,-0.130895,-1.201934,1.201934,0.083900,-0.053934,-0.019531
12,4096,2251799813554177,N=4096_q51bit,16,0.011384,-1.195224,1.195224,0.077190,0.033346,-0.007783
12,4096,2251799813554177,N=4096_q51bit,17,0.106616,-1.222042,1.222042,0.104008,0.019086,0.014832
12,4096,2251799813554177,N=4096_q51bit,18,-0.048817,-1.210176,1.210176,0.092142,0.011153,0.039087
12,4096,2251799813554177,N=4096_q51bit,19,0.044301,-1.209154,1.209154,0.091120,0.070579,0.020237
12,4096,2251799813554177,N=4096_q51bit,20,-0.102056,-1.213712,1.213712,0.095678,0.013654,0.009841
