index,value
0,1124900863000827.0000000000
1,-126254619942054.0000000000
2,-1125631967668576.0000000000
3,1124983497145603.0000000000
4,740117086119984.0000000000
5,-703290272987625.0000000000
6,574619385876530.0000000000
7,-1092758522466400.0000000000
8,-258656584045207.0000000000
9,-1048111670302956.0000000000
10,49852588508511.0000000000
11,1072081045185464.0000000000
12,541221475493923.0000000000
13,468251097073505.0000000000
14,-886464080721331.0000000000
15,-222266385578541.0000000000
16,-424529365554957.0000000000
17,-650826706918168.0000000000
18,603090593609806.0000000000
19,143158662965057.0000000000
20,621055663075119.0000000000
21,434781171463919.0000000000
22,-1087966280774179.0000000000
23,1120110123031260.0000000000
24,856395002933075.0000000000
25,53738340386929.0000000000
26,-169874921393163.0000000000
27,704681957260387.0000000000
28,-512096920039702.0000000000
29,-363269887632987.0000000000
30,274470400736834.0000000000
31,66090288713159.0000000000
32,185870580436049.0000000000
33,-114153699795936.0000000000
34,102461045625117.0000000000
35,902611737283971.0000000000
36,833287911151004.0000000000
37,571061817029315.0000000000
38,815425069077618.0000000000
39,343184950995756.0000000000
40,174467434382750.0000000000
41,290810302915607.0000000000
42,-583424957510456.0000000000
43,368113033403271.0000000000
44,65474870148987.0000000000
45,83853618058243.0000000000
46,-558350667041291.0000000000
47,613426920188480.0000000000
48,577645560580520.0000000000
49,593287536048965.0000000000
50,1031267205040325.0000000000
51,1097319783680481.0000000000
52,366564359004531.0000000000
53,-667221777203204.0000000000
54,-947312623092979.0000000000
55,-672134062326544.0000000000
56,-103773000878820.0000000000
57,430827299147163.0000000000
58,250918855009797.0000000000
59,884537415167323.0000000000
60,-541326481852130.0000000000
61,-638589051131895.0000000000
62,-144097587244191.0000000000
63,242788631145913.0000000000
64,-427742553329016.0000000000
65,101905977892977.0000000000
66,423644008069983.0000000000
67,193679030241598.0000000000
68,798531573011171.0000000000
69,-739786148936516.0000000000
70,812969024133037.0000000000
71,696463093514892.0000000000
72,394702307347334.0000000000
73,-378655014304777.0000000000
74,-28784087961186.0000000000
75,212838132975662.0000000000
76,174782181044878.0000000000
77,-793874753525123.0000000000
78,-996933908346574.0000000000
79,-222263306525129.0000000000
80,84166930211596.0000000000
81,1068071012969132.0000000000
82,1036468330141889.0000000000
83,751873021250701.0000000000
84,713020242971347.0000000000
85,-309373729240844.0000000000
86,-792506972096227.0000000000
87,-1038498124434949.0000000000
88,-452462637263085.0000000000
89,638897819512357.0000000000
90,-730769532585432.0000000000
91,-764301865287288.0000000000
92,1030042388116582.0000000000
93,-847747114126472.0000000000
94,-439726568399236.0000000000
95,-1110570886379387.0000000000
96,462951537863080.0000000000
97,304777950216169.0000000000
98,248490448222493.0000000000
99,117331516253445.0000000000
100,423448905764360.0000000000
101,-543137140075451.0000000000
102,-365967105662339.0000000000
103,-1013505211028941.0000000000
104,-300320552372548.0000000000
105,-749587489124289.0000000000
106,682111185919166.0000000000
107,222893974640423.0000000000
108,962247016836448.0000000000
109,30687876265041.0000000000
110,-612876909809714.0000000000
111,1030209561878032.0000000000
112,9594174002621.0000000000
113,853808475283438.0000000000
114,-700472116251826.0000000000
115,-1062376989951474.0000000000
116,-226857716118246.0000000000
117,580961179402273.0000000000
118,-357357058008650.0000000000
119,987207870564158.0000000000
120,-200644895379039.0000000000
121,-446207585571180.0000000000
122,-495781090842236.0000000000
123,-512531151482249.0000000000
124,1028106296355457.0000000000
125,196133024423412.0000000000
126,470168258891755.0000000000
127,37578010490295.0000000000
128,-87411391752699.0000000000
129,289186231811376.0000000000
130,-138559276425548.0000000000
131,-1016494938770477.0000000000
132,520799956924521.0000000000
133,-651275075344478.0000000000
134,-825356613400593.0000000000
135,948731261049044.0000000000
136,1120985345318315.0000000000
137,-660107737689390.0000000000
138,834094655512816.0000000000
139,1009084912622160.0000000000
140,439726779994370.0000000000
141,897219852922303.0000000000
142,650113118414344.0000000000
143,660617188614527.0000000000
144,-889848598260481.0000000000
145,-865745615899177.0000000000
146,1013026467050527.0000000000
147,382857482830824.0000000000
148,-251350855183551.0000000000
149,-35099094973801.0000000000
150,910175581661376.0000000000
151,-407792183517390.0000000000
152,-322807080521369.0000000000
153,-259983167021893.0000000000
154,1108480157345636.0000000000
155,-433642810363090.0000000000
156,554667104273074.0000000000
157,670145057212959.0000000000
158,-640712489126213.0000000000
159,-1077230322994434.0000000000
160,884963008148570.0000000000
161,-61782764285168.0000000000
162,559504275305710.0000000000
163,881368912864118.0000000000
164,-1105257508875734.0000000000
165,628570189579699.0000000000
166,-1023677072111352.0000000000
167,927135343673405.0000000000
168,-1067533625505529.0000000000
169,-905285764241877.0000000000
170,141787069341377.0000000000
171,650997060432647.0000000000
172,13054881736152.0000000000
173,-657519620084622.0000000000
174,1052003058477621.0000000000
175,1055089334123961.0000000000
176,784462517908711.0000000000
177,61329937514746.0000000000
178,-319055108379828.0000000000
179,-604300432704658.0000000000
180,-794310588487006.0000000000
181,203855474352134.0000000000
182,305900975319849.0000000000
183,45233911063077.0000000000
184,14346257048298.0000000000
185,-680637040281654.0000000000
186,-1111311830360590.0000000000
187,-433734316473179.0000000000
188,-263014596863642.0000000000
189,-291894899079151.0000000000
190,-1041821834504401.0000000000
191,-810041178784062.0000000000
192,312066330245252.0000000000
193,426258902615924.0000000000
194,258801260706204.0000000000
195,769275014112812.0000000000
196,-390526836717251.0000000000
197,-30711799039823.0000000000
198,988876997558387.0000000000
199,-773806862058068.0000000000
200,-452430404466748.0000000000
201,-372254765261380.0000000000
202,-734967367797187.0000000000
203,-638612996912724.0000000000
204,-267185819767289.0000000000
205,673141347804764.0000000000
206,-323096452391042.0000000000
207,242897684760802.0000000000
208,638072474921733.0000000000
209,62332923983071.0000000000
210,887949588042422.0000000000
211,-524886658186728.0000000000
212,-609360848356885.0000000000
213,-367080746191949.0000000000
214,769836563635529.0000000000
215,-536998259512668.0000000000
216,597214407924410.0000000000
217,836519175055871.0000000000
218,628078892985975.0000000000
219,240672570335709.0000000000
220,-552158306641426.0000000000
221,290988712371462.0000000000
222,960128013485257.0000000000
223,274974742336505.0000000000
224,636527365560066.0000000000
225,995336620403254.0000000000
226,-717451142004913.0000000000
227,-483046432863560.0000000000
228,925021365174064.0000000000
229,-668860561447717.0000000000
230,-684756246956164.0000000000
231,-365972499547805.0000000000
232,331799013440105.0000000000
233,1085403259870805.0000000000
234,888996419842481.0000000000
235,484718401352011.0000000000
236,-413211720025663.0000000000
237,622234673423519.0000000000
238,375696494933665.0000000000
239,279649060846628.0000000000
240,691669027940685.0000000000
241,-923391158006222.0000000000
242,-414892404697106.0000000000
243,1000927441293936.0000000000
244,391260066363214.0000000000
245,581780366194614.0000000000
246,-914756164911728.0000000000
247,-668439525273241.0000000000
248,631056336548075.0000000000
249,514594340835043.0000000000
250,698647845404381.0000000000
251,268320651872804.0000000000
252,-803391193934832.0000000000
253,-83894058701163.0000000000
254,-221550391856833.0000000000
255,-1082653485162847.0000000000
256,84451473067474.0000000000
257,551568523871724.0000000000
258,-114344010525697.0000000000
259,-70349247653777.0000000000
260,465533788993761.0000000000
261,-535362870654338.0000000000
262,255582302897553.0000000000
263,604936069373855.0000000000
264,383771086451269.0000000000
265,-497157102079929.0000000000
266,844982690689896.0000000000
267,934736476221278.0000000000
268,-830525017904900.0000000000
269,927146887474175.0000000000
270,780019284927503.0000000000
271,522664205091306.0000000000
272,36314876205824.0000000000
273,215208232875240.0000000000
274,-264849620374860.0000000000
275,749447266493122.0000000000
276,-1051735880417240.0000000000
277,318613707979705.0000000000
278,176217156638149.0000000000
279,940609419181119.0000000000
280,880052005253386.0000000000
281,-189367563123408.0000000000
282,-1014973420501436.0000000000
283,-713749336161761.0000000000
284,-110644465457597.0000000000
285,943633126580843.0000000000
286,430488599879557.0000000000
287,-369549107824124.0000000000
288,1003549813067597.0000000000
289,843047829115456.0000000000
290,880517395662009.0000000000
291,635033950076058.0000000000
292,363169049352876.0000000000
293,83279349995624.0000000000
294,-512645569340593.0000000000
295,719074915923937.0000000000
296,-372305586006336.0000000000
297,-773401768969983.0000000000
298,143863042378009.0000000000
299,1102813846267880.0000000000
300,766793612889511.0000000000
301,-151324483804241.0000000000
302,-117267027249214.0000000000
303,-866113576919383.0000000000
304,864377314380648.0000000000
305,-516430851983141.0000000000
306,330474491919043.0000000000
307,838052092010104.0000000000
308,9531178604907.0000000000
309,118388921355015.0000000000
310,-996918138210053.0000000000
311,266000119599314.0000000000
312,-502492933977184.0000000000
313,-24675510273671.0000000000
314,-85567867430381.0000000000
315,222266111820883.0000000000
316,-125168902395816.0000000000
317,72729464494505.0000000000
318,608964196676271.0000000000
319,-1014200032740316.0000000000
320,-343017614000528.0000000000
321,-576486094512587.0000000000
322,605445874742913.0000000000
323,308820972823869.0000000000
324,71798341195130.0000000000
325,-225926757932529.0000000000
326,671214888358103.0000000000
327,636016615775260.0000000000
328,-677348925577587.0000000000
329,397024512632002.0000000000
330,-26406343920607.0000000000
331,194278135579764.0000000000
332,591705502615131.0000000000
333,-589446075259216.0000000000
334,571069985992257.0000000000
335,-957899778019868.0000000000
336,144770037761161.0000000000
337,-562970204144800.0000000000
338,-671900561704067.0000000000
339,-492902010183008.0000000000
340,-296955822778623.0000000000
341,943395374671327.0000000000
342,-583330426175839.0000000000
343,-666880786532682.0000000000
344,1021263724845886.0000000000
345,-865078285238070.0000000000
346,1115685703599843.0000000000
347,-390059494852256.0000000000
348,148304225003496.0000000000
349,142308236635187.0000000000
350,-710832158358737.0000000000
351,-161611513216064.0000000000
352,-676254173212509.0000000000
353,-27279593997103.0000000000
354,-1033694367195789.0000000000
355,1008194188698930.0000000000
356,-737841685713947.0000000000
357,781156173942359.0000000000
358,-282817225217887.0000000000
359,226829393496626.0000000000
360,-1028733372894273.0000000000
361,574897392335000.0000000000
362,-388094479927406.0000000000
363,437498905894119.0000000000
364,207161539522670.0000000000
365,961362860598080.0000000000
366,-258133943567839.0000000000
367,67480882419463.0000000000
368,-631476739290745.0000000000
369,325819966812719.0000000000
370,-771644192962131.0000000000
371,-1075187509017003.0000000000
372,-743632682742907.0000000000
373,571771007943479.0000000000
374,-33738519748310.0000000000
375,82390489268660.0000000000
376,67140485722349.0000000000
377,241588176522863.0000000000
378,234882748607627.0000000000
379,-745665113291358.0000000000
380,-966672248154402.0000000000
381,-905509735386799.0000000000
382,364318437697958.0000000000
383,-307620609074608.0000000000
384,-510387555991048.0000000000
385,-741141494860453.0000000000
386,-7366121739671.0000000000
387,762103598674029.0000000000
388,-727233897125930.0000000000
389,-976130463562239.0000000000
390,-980118222546083.0000000000
391,-811004467979393.0000000000
392,981432182809349.0000000000
393,-791683043886601.0000000000
394,752972862120879.0000000000
395,309608006122257.0000000000
396,-396386422662009.0000000000
397,-751527636230469.0000000000
398,323807575585419.0000000000
399,-51148309545123.0000000000
400,239085709752782.0000000000
401,1052920082935649.0000000000
402,-306432871999739.0000000000
403,-890010095394925.0000000000
404,169908411072477.0000000000
405,950762868995476.0000000000
406,-295015201912605.0000000000
407,924757667722588.0000000000
408,1050186734116633.0000000000
409,-805192005915051.0000000000
410,-444427662162672.0000000000
411,980755533113382.0000000000
412,-728464342960332.0000000000
413,177650057960353.0000000000
414,205040868517154.0000000000
415,-111519172057929.0000000000
416,-5648096244220.0000000000
417,-188645417378876.0000000000
418,28940998948449.0000000000
419,-575063527827696.0000000000
420,143898803572148.0000000000
421,710269711136908.0000000000
422,-193072100231388.0000000000
423,-704008181943958.0000000000
424,583064620560302.0000000000
425,-886013964561910.0000000000
426,-974123318426574.0000000000
427,494347573671500.0000000000
428,495921921037932.0000000000
429,878528345135226.0000000000
430,-1005727101779517.0000000000
431,570055058177212.0000000000
432,893273988595110.0000000000
433,387728218683136.0000000000
434,587050394092902.0000000000
435,573972589121136.0000000000
436,308511571666604.0000000000
437,-765768410836092.0000000000
438,-912340759696643.0000000000
439,854282121858548.0000000000
440,-1031977186106469.0000000000
441,867602502940642.0000000000
442,293217235098147.0000000000
443,-519064809664798.0000000000
444,-217555764945310.0000000000
445,938502607156587.0000000000
446,-427705701287631.0000000000
447,-298669897787018.0000000000
448,-883828806622952.0000000000
449,-423366333095230.0000000000
450,1062858078659379.0000000000
451,-804892041301763.0000000000
452,-547788484011164.0000000000
453,667191891140108.0000000000
454,500456953783035.0000000000
455,906422813481165.0000000000
456,680555579958094.0000000000
457,890598927552866.0000000000
458,154830507798357.0000000000
459,-908645067052520.0000000000
460,-655491909746003.0000000000
461,934314854668756.0000000000
462,-477207735802145.0000000000
463,-1086976542652119.0000000000
464,687716240666133.0000000000
465,-194194343898817.0000000000
466,993916938264759.0000000000
467,93444859519851.0000000000
468,372237498478795.0000000000
469,-154405200210418.0000000000
470,-1009269038850303.0000000000
471,-782854466098607.0000000000
472,1068743923681309.0000000000
473,-141622748093231.0000000000
474,-584774670227700.0000000000
475,-292340466941698.0000000000
476,6207347043238.0000000000
477,-968886310280295.0000000000
478,-125579337253910.0000000000
479,-464621037988708.0000000000
480,185359147906506.0000000000
481,1087914434473702.0000000000
482,852145425852457.0000000000
483,-53806677842887.0000000000
484,846614219742192.0000000000
485,-472536169631982.0000000000
486,-755845790776857.0000000000
487,-292258038673728.0000000000
488,-173603701712840.0000000000
489,-892824292152219.0000000000
490,-33513530676583.0000000000
491,-874924562555608.0000000000
492,-605229218515883.0000000000
493,904565246422236.0000000000
494,-532822011905334.0000000000
495,182856375698324.0000000000
496,-1049350768891252.0000000000
497,-421916543092858.0000000000
498,941857019823135.0000000000
499,394782933413984.0000000000
500,551960186292619.0000000000
501,1062558341932744.0000000000
502,-1023990742105092.0000000000
503,-716676967754033.0000000000
504,1022690035696381.0000000000
505,-466564529463106.0000000000
506,-531871999022915.0000000000
507,-108774518588174.0000000000
508,41231080946690.0000000000
509,640669491728079.0000000000
510,1000567334967034.0000000000
511,703504948307440.0000000000
512,233898701156979.0000000000
513,576013464138000.0000000000
514,-854708268359136.0000000000
515,-7199426732106.0000000000
516,-915168577703723.0000000000
517,73290590607968.0000000000
518,189594408994708.0000000000
519,-162057564409011.0000000000
520,1068592079482598.0000000000
521,-993928206986071.0000000000
522,-705098614493152.0000000000
523,-562755290521478.0000000000
524,-69655515485122.0000000000
525,1027738496283132.0000000000
526,-319891809218022.0000000000
527,943366216910315.0000000000
528,427760924829249.0000000000
529,-629779959230980.0000000000
530,-565115965410453.0000000000
531,-904426267719218.0000000000
532,-645546682660039.0000000000
533,1104405772417885.0000000000
534,728842208838050.0000000000
535,-358684018592086.0000000000
536,-97371522554070.0000000000
537,963471930311567.0000000000
538,434199246871231.0000000000
539,-75345018393907.0000000000
540,-543003194529813.0000000000
541,762236531348831.0000000000
542,-182973722957048.0000000000
543,-1005997598606188.0000000000
544,-490537048080695.0000000000
545,192188691109864.0000000000
546,859161057432489.0000000000
547,-903685228366155.0000000000
548,659036482036845.0000000000
549,524346046846887.0000000000
550,761985246794626.0000000000
551,920842140864968.0000000000
552,328624969510435.0000000000
553,198888653069980.0000000000
554,-698001454446968.0000000000
555,-593530138994778.0000000000
556,-622180041429046.0000000000
557,551450793799672.0000000000
558,96574697281489.0000000000
559,-338106401130774.0000000000
560,-113271865517932.0000000000
561,60586249155513.0000000000
562,912058372146280.0000000000
563,-997691177823236.0000000000
564,180710697739601.0000000000
565,-637065923253576.0000000000
566,-839820818794320.0000000000
567,-880889354326184.0000000000
568,895671833230451.0000000000
569,-610612418483482.0000000000
570,886475887727340.0000000000
571,-263030476010576.0000000000
572,850827423614496.0000000000
573,524180199262671.0000000000
574,-792847998664372.0000000000
575,786754082625509.0000000000
576,51341789355142.0000000000
577,-186804787598144.0000000000
578,-998832291619008.0000000000
579,799481220237870.0000000000
580,-340059229775873.0000000000
581,285128299165204.0000000000
582,1087306781774385.0000000000
583,386992673223890.0000000000
584,-1115843878786376.0000000000
585,508303953441102.0000000000
586,-1009494813523835.0000000000
587,-543787405190765.0000000000
588,608573466665777.0000000000
589,-891066636795375.0000000000
590,465948192605731.0000000000
591,291716234891889.0000000000
592,-440795632526850.0000000000
593,-434781066428136.0000000000
594,-933211122701824.0000000000
595,-641273244655607.0000000000
596,-87167159260571.0000000000
597,908900391877686.0000000000
598,-480531342279174.0000000000
599,-911220781382413.0000000000
600,-75634856447961.0000000000
601,-588328972980257.0000000000
602,277911135319272.0000000000
603,45560711207214.0000000000
604,-6721852221047.0000000000
605,-110027831639090.0000000000
606,402829993869244.0000000000
607,-765544997495468.0000000000
608,248548279073538.0000000000
609,719029400442016.0000000000
610,137150227785585.0000000000
611,-1110051548385478.0000000000
612,1061693318880079.0000000000
613,873320902326868.0000000000
614,-1011703259885346.0000000000
615,419256977870397.0000000000
616,-236025381302192.0000000000
617,179903463598271.0000000000
618,711320827600342.0000000000
619,-407360703491417.0000000000
620,879415537520120.0000000000
621,-714680394326267.0000000000
622,-166823614499621.0000000000
623,-1104048967863135.0000000000
624,339428909664810.0000000000
625,198570733346676.0000000000
626,-556647155874922.0000000000
627,616310902186142.0000000000
628,633529170789472.0000000000
629,216695169713933.0000000000
630,147276751740465.0000000000
631,770940255807783.0000000000
632,396764373733202.0000000000
633,1099782031154745.0000000000
634,-56833864000980.0000000000
635,532018344305437.0000000000
636,62368033622345.0000000000
637,344070852771536.0000000000
638,-1098094615066702.0000000000
639,-839536848474047.0000000000
640,169733321424119.0000000000
641,41832040182440.0000000000
642,-322846748712945.0000000000
643,-985236306714453.0000000000
644,537077612674597.0000000000
645,77136652160411.0000000000
646,379103690649910.0000000000
647,667905367555777.0000000000
648,-780705024658921.0000000000
649,-309765597466964.0000000000
650,-299660696965212.0000000000
651,-380989143449586.0000000000
652,6211774987180.0000000000
653,285736424716602.0000000000
654,-297737112094736.0000000000
655,-1082392932456176.0000000000
656,-734668921138363.0000000000
657,-1019059424232564.0000000000
658,377410004145652.0000000000
659,-866562760284225.0000000000
660,412614146904719.0000000000
661,-843293258303014.0000000000
662,-766079484017473.0000000000
663,-226055831017229.0000000000
664,-615710916302241.0000000000
665,504858124622981.0000000000
666,-523258389013549.0000000000
667,579698433189340.0000000000
668,-988866943716360.0000000000
669,176214956653807.0000000000
670,433846602028823.0000000000
671,-493223691967237.0000000000
672,824886520553990.0000000000
673,-450397629318531.0000000000
674,-285492383902355.0000000000
675,846008264595462.0000000000
676,117277448869056.0000000000
677,-934733727338757.0000000000
678,-175639617454452.0000000000
679,1114357871892102.0000000000
680,986926977038265.0000000000
681,-1009363423549234.0000000000
682,951483401271287.0000000000
683,-697894634759383.0000000000
684,-948588591810328.0000000000
685,-853652516469536.0000000000
686,738157884559964.0000000000
687,197761059181458.0000000000
688,183545681705873.0000000000
689,-411824036008959.0000000000
690,-483169279156596.0000000000
691,780916243195604.0000000000
692,-595260292959512.0000000000
693,85580285416949.0000000000
694,-142191825288482.0000000000
695,969569395997421.0000000000
696,877358571572628.0000000000
697,-569790090845479.0000000000
698,987112912735171.0000000000
699,1089810077006845.0000000000
700,786488255660120.0000000000
701,801747368664448.0000000000
702,952416234066953.0000000000
703,399162167376804.0000000000
704,163795653109323.0000000000
705,64634323288423.0000000000
706,451359873787406.0000000000
707,598440021448648.0000000000
708,-251811038085053.0000000000
709,-762482466433453.0000000000
710,-672191486423499.0000000000
711,1012489782498430.0000000000
712,800218370041946.0000000000
713,933222213994426.0000000000
714,-615180582413536.0000000000
715,923565382948661.0000000000
716,-1007277246719676.0000000000
717,995894915395500.0000000000
718,-1012735598571466.0000000000
719,651277248744452.0000000000
720,653314127352590.0000000000
721,1016848094176264.0000000000
722,-596313111408330.0000000000
723,44540845965923.0000000000
724,-842781503321567.0000000000
725,847894617006651.0000000000
726,-338944353302750.0000000000
727,-273697111227335.0000000000
728,931446709268620.0000000000
729,-258407095253283.0000000000
730,679304894946385.0000000000
731,41901932015739.0000000000
732,383503008375310.0000000000
733,-1060686189397348.0000000000
734,-265120386415325.0000000000
735,-71813817501608.0000000000
736,437211859575683.0000000000
737,-384862235978164.0000000000
738,525361076263164.0000000000
739,-572877104160501.0000000000
740,-325434199568173.0000000000
741,-762159891644288.0000000000
742,542144508856530.0000000000
743,-43167226581587.0000000000
744,-427921043017715.0000000000
745,-67774877188815.0000000000
746,497444501669872.0000000000
747,186860759522042.0000000000
748,878522347783867.0000000000
749,584420347519623.0000000000
750,877380405129802.0000000000
751,-65279394875056.0000000000
752,1000063996163819.0000000000
753,-219555709757975.0000000000
754,-308723942996774.0000000000
755,-774906358602606.0000000000
756,207725506714171.0000000000
757,-236722360140015.0000000000
758,1054167484309228.0000000000
759,-1058636629871414.0000000000
760,-95062179449858.0000000000
761,960537835977295.0000000000
762,1088169662541402.0000000000
763,100489710421674.0000000000
764,-793755476554686.0000000000
765,-741706087262895.0000000000
766,176513557490678.0000000000
767,321491578481612.0000000000
768,647775766061914.0000000000
769,1005445148267854.0000000000
770,-551342079683890.0000000000
771,-178854919604358.0000000000
772,345280822124252.0000000000
773,1018822749455500.0000000000
774,-997378036665728.0000000000
775,-124346290943404.0000000000
776,986808446849596.0000000000
777,353600814820343.0000000000
778,-348220708403168.0000000000
779,-1019982352489058.0000000000
780,408463898986695.0000000000
781,305207262611435.0000000000
782,955752079256986.0000000000
783,-135117997160713.0000000000
784,-788083587242009.0000000000
785,-353866370206278.0000000000
786,-187482259590530.0000000000
787,308148242445864.0000000000
788,-1105059425519409.0000000000
789,946378184486088.0000000000
790,-1008612885239858.0000000000
791,177528318376697.0000000000
792,-235190227032103.0000000000
793,-965852239813415.0000000000
794,-735025016432628.0000000000
795,1107641755955673.0000000000
796,-599699590714528.0000000000
797,173428318195124.0000000000
798,1070950706067360.0000000000
799,569151362453095.0000000000
800,-131974364761770.0000000000
801,928672064875744.0000000000
802,-13794930390618.0000000000
803,536076914419871.0000000000
804,583203297173078.0000000000
805,850298428695193.0000000000
806,-652984906490437.0000000000
807,136976123462173.0000000000
808,-577664225345119.0000000000
809,-840631251364340.0000000000
810,-9594810735838.0000000000
811,-528178071176415.0000000000
812,528587958651607.0000000000
813,-407485586656677.0000000000
814,100611390894425.0000000000
815,1083176389307111.0000000000
816,-839624225175205.0000000000
817,-790639444106194.0000000000
818,-348028624260681.0000000000
819,883741426468200.0000000000
820,97609420067556.0000000000
821,-499646214692150.0000000000
822,699615262060108.0000000000
823,523037213319760.0000000000
824,540824072706952.0000000000
825,246508259775951.0000000000
826,-583313746508544.0000000000
827,-678283820074241.0000000000
828,-164053128708974.0000000000
829,-77261715354814.0000000000
830,-132705718891527.0000000000
831,102782401813523.0000000000
832,-1063221159102386.0000000000
833,494125299673948.0000000000
834,1002561810610419.0000000000
835,-732533735341385.0000000000
836,497811883946952.0000000000
837,-478038381135315.0000000000
838,-62654211831262.0000000000
839,723078259918356.0000000000
840,-465210496070358.0000000000
841,170414507047928.0000000000
842,891714374068655.0000000000
843,659783387409954.0000000000
844,776948647547104.0000000000
845,373096655250355.0000000000
846,-863904786715684.0000000000
847,-932093697906210.0000000000
848,-9037871545417.0000000000
849,-208850761641210.0000000000
850,-296531809868348.0000000000
851,451628958435741.0000000000
852,-638950320964251.0000000000
853,-257277599711363.0000000000
854,399173658728778.0000000000
855,-259107371474660.0000000000
856,1013664105436814.0000000000
857,863093825607145.0000000000
858,-100938833529902.0000000000
859,-129120683257469.0000000000
860,-37610313018729.0000000000
861,-431480834620703.0000000000
862,125337427577268.0000000000
863,788192006985427.0000000000
864,-59503241204201.0000000000
865,-863004355288456.0000000000
866,1003038405876538.0000000000
867,959011588029170.0000000000
868,861463754173161.0000000000
869,-499924005063980.0000000000
870,1037076181806024.0000000000
871,418861668201209.0000000000
872,645369186516432.0000000000
873,-316355705020859.0000000000
874,42483831420812.0000000000
875,222437324680055.0000000000
876,-329870192419041.0000000000
877,-509200548625471.0000000000
878,1073003761575545.0000000000
879,-495036498211063.0000000000
880,-5940219650699.0000000000
881,706288370827310.0000000000
882,-732661832820501.0000000000
883,871505005940406.0000000000
884,-724810143632404.0000000000
885,-846106976238964.0000000000
886,-220849611306000.0000000000
887,1222971953891.0000000000
888,-528952929226591.0000000000
889,653878835031143.0000000000
890,-1113186097156967.0000000000
891,-344504829459703.0000000000
892,184611258839968.0000000000
893,535114580349556.0000000000
894,-1083223917232308.0000000000
895,653120289690450.0000000000
896,-462069748308989.0000000000
897,-466508801689258.0000000000
898,268794028665772.0000000000
899,-1015492229396019.0000000000
900,-753620727714363.0000000000
901,-6614733601946.0000000000
902,-1060717174714052.0000000000
903,-354536303053971.0000000000
904,1114037108423561.0000000000
905,939004954745044.0000000000
906,-585207370880651.0000000000
907,1022606420702022.0000000000
908,400985172941438.0000000000
909,-352810759114585.0000000000
910,-907952305401817.0000000000
911,-457826441320061.0000000000
912,-74411225276757.0000000000
913,-102538309130895.0000000000
914,-398453593148278.0000000000
915,816893875426328.0000000000
916,-533232378803245.0000000000
917,339064238774328.0000000000
918,919972012729842.0000000000
919,331882631872202.0000000000
920,172834726336595.0000000000
921,-1028919273887477.0000000000
922,315918907996467.0000000000
923,-738820840560365.0000000000
924,-1069996521510394.0000000000
925,-750693736663046.0000000000
926,686560022972294.0000000000
927,92899904925256.0000000000
928,-841818273323030.0000000000
929,641151970640950.0000000000
930,217987551179646.0000000000
931,714227706009429.0000000000
932,-313995768011857.0000000000
933,83660049984858.0000000000
934,805738901201187.0000000000
935,-149535833813361.0000000000
936,330505891312748.0000000000
937,-588265555558402.0000000000
938,463077582073431.0000000000
939,-609955090080749.0000000000
940,-1015991796208979.0000000000
941,757531583252767.0000000000
942,66159324184232.0000000000
943,-42596572849833.0000000000
944,578704770635467.0000000000
945,257795257040961.0000000000
946,900327807562001.0000000000
947,-319735211569006.0000000000
948,134222895299580.0000000000
949,-877787734790136.0000000000
950,-318198134641793.0000000000
951,843730706714315.0000000000
952,-1110228152445116.0000000000
953,-288971912808184.0000000000
954,767143793618897.0000000000
955,479806374424045.0000000000
956,55195867746713.0000000000
957,-642432559586738.0000000000
958,293336837337431.0000000000
959,906012099957159.0000000000
960,-299832647881806.0000000000
961,913922566443175.0000000000
962,877189391699945.0000000000
963,-960184073555955.0000000000
964,-813159890558220.0000000000
965,-532852950812374.0000000000
966,-729470663017153.0000000000
967,-673809981738670.0000000000
968,-89270479276886.0000000000
969,785156968567178.0000000000
970,607428373763654.0000000000
971,774049510074636.0000000000
972,-611304448194718.0000000000
973,32369303022746.0000000000
974,-284123796518037.0000000000
975,-186481192447545.0000000000
976,355621399013641.0000000000
977,460387495256708.0000000000
978,719563807880453.0000000000
979,-682884525425732.0000000000
980,-1052322321658802.0000000000
981,531317369488579.0000000000
982,-585882395841304.0000000000
983,-218203962434955.0000000000
984,975224006858193.0000000000
985,-323329232839746.0000000000
986,-574636990999787.0000000000
987,-542874717417878.0000000000
988,-795510951104792.0000000000
989,-545224090564144.0000000000
990,614014018820974.0000000000
991,-806207066864138.0000000000
992,849948597541051.0000000000
993,444421487826752.0000000000
994,178745943525120.0000000000
995,-1072038574934389.0000000000
996,-100916266661375.0000000000
997,-1083442082010270.0000000000
998,-24553229591220.0000000000
999,647213349007270.0000000000
1000,282460674951432.0000000000
1001,-288356701017209.0000000000
1002,-210643893319501.0000000000
1003,714969772762256.0000000000
1004,479164863148062.0000000000
1005,203759115757436.0000000000
1006,358992348380277.0000000000
1007,-151075050436312.0000000000
1008,224146197094759.0000000000
1009,27064945500890.0000000000
1010,100499776134445.0000000000
1011,721395592740438.0000000000
1012,-927870069013317.0000000000
1013,-875349068418104.0000000000
1014,933648003278985.0000000000
1015,667187432429907.0000000000
1016,-374272769576033.0000000000
1017,-217453685621332.0000000000
1018,-46063749485369.0000000000
1019,-131308318048510.0000000000
1020,-214007070143501.0000000000
1021,140355798403767.0000000000
1022,773424235824859.0000000000
1023,-944660688482981.0000000000
