test,label,N,sigma,log_q,modulus,trial,direct_kurtosis,ntt_kurtosis,abs_ntt_kurtosis
A,A_N256,256,0.0,0,0,1,-0.041371,-1.229667,1.229667
A,A_N256,256,0.0,0,0,2,0.053000,-1.126503,1.126503
A,A_N256,256,0.0,0,0,3,-0.007662,-1.029064,1.029064
A,A_N256,256,0.0,0,0,4,0.368344,-1.096223,1.096223
A,A_N256,256,0.0,0,0,5,0.255807,-1.246799,1.246799
A,A_N256,256,0.0,0,0,6,-0.093782,-1.214979,1.214979
A,A_N256,256,0.0,0,0,7,-0.400094,-1.120168,1.120168
A,A_N256,256,0.0,0,0,8,0.340018,-1.185489,1.185489
A,A_N256,256,0.0,0,0,9,0.027431,-1.139644,1.139644
A,A_N256,256,0.0,0,0,10,0.131600,-1.264774,1.264774
A,A_N256,256,0.0,0,0,11,-0.293950,-1.155239,1.155239
A,A_N256,256,0.0,0,0,12,-0.147862,-1.200019,1.200019
A,A_N256,256,0.0,0,0,13,0.167297,-1.108496,1.108496
A,A_N256,256,0.0,0,0,14,0.050767,-1.297429,1.297429
A,A_N256,256,0.0,0,0,15,0.324130,-1.207845,1.207845
A,A_N256,256,0.0,0,0,16,-0.516096,-1.251727,1.251727
A,A_N256,256,0.0,0,0,17,0.042344,-1.148029,1.148029
A,A_N256,256,0.0,0,0,18,-0.357146,-1.167885,1.167885
A,A_N256,256,0.0,0,0,19,-0.072287,-1.218265,1.218265
A,A_N256,256,0.0,0,0,20,-0.395089,-1.087575,1.087575
A,A_N512,512,0.0,0,0,1,-0.128504,-1.139034,1.139034
A,A_N512,512,0.0,0,0,2,-0.358393,-1.254617,1.254617
A,A_N512,512,0.0,0,0,3,0.006290,-1.204202,1.204202
A,A_N512,512,0.0,0,0,4,0.259957,-1.262136,1.262136
A,A_N512,512,0.0,0,0,5,0.009252,-1.242224,1.242224
A,A_N512,512,0.0,0,0,6,0.166715,-1.182929,1.182929
A,A_N512,512,0.0,0,0,7,0.464795,-1.095005,1.095005
A,A_N512,512,0.0,0,0,8,0.094774,-1.186358,1.186358
A,A_N512,512,0.0,0,0,9,0.186204,-1.102830,1.102830
A,A_N512,512,0.0,0,0,10,0.051083,-1.215866,1.215866
A,A_N512,512,0.0,0,0,11,0.129102,-1.190564,1.190564
A,A_N512,512,0.0,0,0,12,-0.100611,-1.159811,1.159811
A,A_N512,512,0.0,0,0,13,0.100607,-1.236402,1.236402
A,A_N512,512,0.0,0,0,14,-0.124301,-1.176389,1.176389
A,A_N512,512,0.0,0,0,15,-0.142650,-1.172485,1.172485
A,A_N512,512,0.0,0,0,16,0.011679,-1.219615,1.219615
A,A_N512,512,0.0,0,0,17,-0.132847,-1.260184,1.260184
A,A_N512,512,0.0,0,0,18,-0.148355,-1.238240,1.238240
A,A_N512,512,0.0,0,0,19,-0.180303,-1.309169,1.309169
A,A_N512,512,0.0,0,0,20,-0.333675,-1.204080,1.204080
A,A_N1024,1024,0.0,0,0,1,0.441018,-1.227880,1.227880
A,A_N1024,1024,0.0,0,0,2,-0.013058,-1.236675,1.236675
A,A_N1024,1024,0.0,0,0,3,-0.027371,-1.147597,1.147597
A,A_N1024,1024,0.0,0,0,4,-0.111547,-1.190021,1.190021
A,A_N1024,1024,0.0,0,0,5,-0.107437,-1.211393,1.211393
A,A_N1024,1024,0.0,0,0,6,-0.103202,-1.223765,1.223765
A,A_N1024,1024,0.0,0,0,7,-0.047932,-1.201836,1.201836
A,A_N1024,1024,0.0,0,0,8,-0.092371,-1.184726,1.184726
A,A_N1024,1024,0.0,0,0,9,-0.121533,-1.196475,1.196475
A,A_N1024,1024,0.0,0,0,10,0.079445,-1.204327,1.204327
A,A_N1024,1024,0.0,0,0,11,-0.114481,-1.188288,1.188288
A,A_N1024,1024,0.0,0,0,12,-0.236474,-1.109270,1.109270
A,A_N1024,1024,0.0,0,0,13,0.001374,-1.158458,1.158458
A,A_N1024,1024,0.0,0,0,14,-0.175582,-1.190181,1.190181
A,A_N1024,1024,0.0,0,0,15,0.039419,-1.240729,1.240729
A,A_N1024,1024,0.0,0,0,16,-0.007529,-1.200548,1.200548
A,A_N1024,1024,0.0,0,0,17,0.082433,-1.204477,1.204477
A,A_N1024,1024,0.0,0,0,18,-0.035921,-1.103774,1.103774
A,A_N1024,1024,0.0,0,0,19,-0.050757,-1.207640,1.207640
A,A_N1024,1024,0.0,0,0,20,0.268718,-1.257942,1.257942
A,A_N2048,2048,0.0,0,0,1,-0.019302,-1.192644,1.192644
A,A_N2048,2048,0.0,0,0,2,-0.027247,-1.235838,1.235838
A,A_N2048,2048,0.0,0,0,3,-0.175784,-1.182353,1.182353
A,A_N2048,2048,0.0,0,0,4,0.049412,-1.238112,1.238112
A,A_N2048,2048,0.0,0,0,5,-0.133096,-1.229512,1.229512
A,A_N2048,2048,0.0,0,0,6,0.072115,-1.197486,1.197486
A,A_N2048,2048,0.0,0,0,7,0.057848,-1.166466,1.166466
A,A_N2048,2048,0.0,0,0,8,-0.056640,-1.150095,1.150095
A,A_N2048,2048,0.0,0,0,9,-0.241714,-1.179240,1.179240
A,A_N2048,2048,0.0,0,0,10,-0.074285,-1.175722,1.175722
A,A_N2048,2048,0.0,0,0,11,0.003094,-1.227248,1.227248
A,A_N2048,2048,0.0,0,0,12,0.105718,-1.236746,1.236746
A,A_N2048,2048,0.0,0,0,13,0.052748,-1.200505,1.200505
A,A_N2048,2048,0.0,0,0,14,-0.081329,-1.171929,1.171929
A,A_N2048,2048,0.0,0,0,15,0.142066,-1.182050,1.182050
A,A_N2048,2048,0.0,0,0,16,0.182786,-1.205971,1.205971
A,A_N2048,2048,0.0,0,0,17,-0.058782,-1.168985,1.168985
A,A_N2048,2048,0.0,0,0,18,0.117219,-1.162944,1.162944
A,A_N2048,2048,0.0,0,0,19,0.052470,-1.248323,1.248323
A,A_N2048,2048,0.0,0,0,20,-0.079731,-1.219755,1.219755
A,A_N4096,4096,0.0,0,0,1,0.061522,-1.202488,1.202488
A,A_N4096,4096,0.0,0,0,2,0.073593,-1.180369,1.180369
A,A_N4096,4096,0.0,0,0,3,-0.039415,-1.195188,1.195188
A,A_N4096,4096,0.0,0,0,4,0.133120,-1.203743,1.203743
A,A_N4096,4096,0.0,0,0,5,-0.014715,-1.169568,1.169568
A,A_N4096,4096,0.0,0,0,6,-0.197870,-1.199885,1.199885
A,A_N4096,4096,0.0,0,0,7,0.028719,-1.198496,1.198496
A,A_N4096,4096,0.0,0,0,8,-0.067300,-1.195911,1.195911
A,A_N4096,4096,0.0,0,0,9,-0.148820,-1.216469,1.216469
A,A_N4096,4096,0.0,0,0,10,0.027741,-1.198648,1.198648
A,A_N4096,4096,0.0,0,0,11,-0.143877,-1.219079,1.219079
A,A_N4096,4096,0.0,0,0,12,0.048764,-1.161682,1.161682
A,A_N4096,4096,0.0,0,0,13,-0.048919,-1.200909,1.200909
A,A_N4096,4096,0.0,0,0,14,0.175651,-1.178941,1.178941
A,A_N4096,4096,0.0,0,0,15,-0.075829,-1.211029,1.211029
A,A_N4096,4096,0.0,0,0,16,0.005273,-1.229836,1.229836
A,A_N4096,4096,0.0,0,0,17,0.094341,-1.194673,1.194673
A,A_N4096,4096,0.0,0,0,18,-0.046885,-1.204854,1.204854
A,A_N4096,4096,0.0,0,0,19,-0.086607,-1.200652,1.200652
A,A_N4096,4096,0.0,0,0,20,0.032033,-1.209040,1.209040
B,B_sigma1.0,1024,1.0,0,0,1,0.002409,-1.174222,1.174222
B,B_sigma1.0,1024,1.0,0,0,2,-0.207223,-1.213021,1.213021
B,B_sigma1.0,1024,1.0,0,0,3,-0.189457,-1.247587,1.247587
B,B_sigma1.0,1024,1.0,0,0,4,-0.033481,-1.224137,1.224137
B,B_sigma1.0,1024,1.0,0,0,5,-0.048857,-1.218468,1.218468
B,B_sigma1.0,1024,1.0,0,0,6,0.192772,-1.188917,1.188917
B,B_sigma1.0,1024,1.0,0,0,7,-0.252490,-1.178876,1.178876
B,B_sigma1.0,1024,1.0,0,0,8,-0.040060,-1.230848,1.230848
B,B_sigma1.0,1024,1.0,0,0,9,-0.109185,-1.179733,1.179733
B,B_sigma1.0,1024,1.0,0,0,10,-0.149342,-1.202787,1.202787
B,B_sigma1.0,1024,1.0,0,0,11,-0.071689,-1.186656,1.186656
B,B_sigma1.0,1024,1.0,0,0,12,-0.138624,-1.265338,1.265338
B,B_sigma1.0,1024,1.0,0,0,13,0.114968,-1.220497,1.220497
B,B_sigma1.0,1024,1.0,0,0,14,0.033326,-1.194166,1.194166
B,B_sigma1.0,1024,1.0,0,0,15,-0.133673,-1.171498,1.171498
B,B_sigma1.0,1024,1.0,0,0,16,-0.037412,-1.235526,1.235526
B,B_sigma1.0,1024,1.0,0,0,17,0.152761,-1.176563,1.176563
B,B_sigma1.0,1024,1.0,0,0,18,-0.155830,-1.163581,1.163581
B,B_sigma1.0,1024,1.0,0,0,19,0.129486,-1.233651,1.233651
B,B_sigma1.0,1024,1.0,0,0,20,0.016998,-1.187268,1.187268
B,B_sigma2.0,1024,2.0,0,0,1,-0.143160,-1.191671,1.191671
B,B_sigma2.0,1024,2.0,0,0,2,-0.166935,-1.218683,1.218683
B,B_sigma2.0,1024,2.0,0,0,3,-0.070259,-1.176527,1.176527
B,B_sigma2.0,1024,2.0,0,0,4,-0.204795,-1.259282,1.259282
B,B_sigma2.0,1024,2.0,0,0,5,0.011917,-1.199236,1.199236
B,B_sigma2.0,1024,2.0,0,0,6,0.114425,-1.206455,1.206455
B,B_sigma2.0,1024,2.0,0,0,7,-0.203587,-1.100661,1.100661
B,B_sigma2.0,1024,2.0,0,0,8,-0.092181,-1.232236,1.232236
B,B_sigma2.0,1024,2.0,0,0,9,0.258920,-1.209396,1.209396
B,B_sigma2.0,1024,2.0,0,0,10,0.047890,-1.154278,1.154278
B,B_sigma2.0,1024,2.0,0,0,11,-0.234450,-1.161162,1.161162
B,B_sigma2.0,1024,2.0,0,0,12,-0.048009,-1.188256,1.188256
B,B_sigma2.0,1024,2.0,0,0,13,-0.123331,-1.107083,1.107083
B,B_sigma2.0,1024,2.0,0,0,14,-0.107989,-1.171007,1.171007
B,B_sigma2.0,1024,2.0,0,0,15,-0.001961,-1.221434,1.221434
B,B_sigma2.0,1024,2.0,0,0,16,0.003343,-1.183707,1.183707
B,B_sigma2.0,1024,2.0,0,0,17,-0.173906,-1.215690,1.215690
B,B_sigma2.0,1024,2.0,0,0,18,-0.075227,-1.219115,1.219115
B,B_sigma2.0,1024,2.0,0,0,19,0.003781,-1.232781,1.232781
B,B_sigma2.0,1024,2.0,0,0,20,-0.187123,-1.173842,1.173842
B,B_sigma3.2,1024,3.2,0,0,1,0.094220,-1.236242,1.236242
B,B_sigma3.2,1024,3.2,0,0,2,-0.181696,-1.164252,1.164252
B,B_sigma3.2,1024,3.2,0,0,3,0.035225,-1.166043,1.166043
B,B_sigma3.2,1024,3.2,0,0,4,0.049707,-1.184014,1.184014
B,B_sigma3.2,1024,3.2,0,0,5,0.189956,-1.211352,1.211352
B,B_sigma3.2,1024,3.2,0,0,6,0.144259,-1.207910,1.207910
B,B_sigma3.2,1024,3.2,0,0,7,0.135974,-1.181637,1.181637
B,B_sigma3.2,1024,3.2,0,0,8,0.099849,-1.227433,1.227433
B,B_sigma3.2,1024,3.2,0,0,9,-0.158107,-1.192916,1.192916
B,B_sigma3.2,1024,3.2,0,0,10,0.212958,-1.219996,1.219996
B,B_sigma3.2,1024,3.2,0,0,11,0.096898,-1.224699,1.224699
B,B_sigma3.2,1024,3.2,0,0,12,-0.067873,-1.262043,1.262043
B,B_sigma3.2,1024,3.2,0,0,13,-0.164707,-1.232997,1.232997
B,B_sigma3.2,1024,3.2,0,0,14,-0.205134,-1.215306,1.215306
B,B_sigma3.2,1024,3.2,0,0,15,-0.012642,-1.203055,1.203055
B,B_sigma3.2,1024,3.2,0,0,16,-0.118979,-1.207212,1.207212
B,B_sigma3.2,1024,3.2,0,0,17,-0.025831,-1.171019,1.171019
B,B_sigma3.2,1024,3.2,0,0,18,0.015641,-1.178113,1.178113
B,B_sigma3.2,1024,3.2,0,0,19,0.180377,-1.191203,1.191203
B,B_sigma3.2,1024,3.2,0,0,20,0.072503,-1.140282,1.140282
B,B_sigma5.0,1024,5.0,0,0,1,-0.140550,-1.149880,1.149880
B,B_sigma5.0,1024,5.0,0,0,2,-0.126771,-1.169569,1.169569
B,B_sigma5.0,1024,5.0,0,0,3,-0.237320,-1.210546,1.210546
B,B_sigma5.0,1024,5.0,0,0,4,-0.087174,-1.185221,1.185221
B,B_sigma5.0,1024,5.0,0,0,5,-0.271051,-1.165348,1.165348
B,B_sigma5.0,1024,5.0,0,0,6,-0.070343,-1.180797,1.180797
B,B_sigma5.0,1024,5.0,0,0,7,-0.014593,-1.247672,1.247672
B,B_sigma5.0,1024,5.0,0,0,8,-0.202688,-1.239784,1.239784
B,B_sigma5.0,1024,5.0,0,0,9,-0.021312,-1.230108,1.230108
B,B_sigma5.0,1024,5.0,0,0,10,-0.209541,-1.186110,1.186110
B,B_sigma5.0,1024,5.0,0,0,11,-0.154880,-1.244166,1.244166
B,B_sigma5.0,1024,5.0,0,0,12,0.007517,-1.183785,1.183785
B,B_sigma5.0,1024,5.0,0,0,13,0.128488,-1.224319,1.224319
B,B_sigma5.0,1024,5.0,0,0,14,-0.079942,-1.224928,1.224928
B,B_sigma5.0,1024,5.0,0,0,15,-0.053461,-1.217897,1.217897
B,B_sigma5.0,1024,5.0,0,0,16,-0.020411,-1.149075,1.149075
B,B_sigma5.0,1024,5.0,0,0,17,0.053072,-1.144759,1.144759
B,B_sigma5.0,1024,5.0,0,0,18,-0.076352,-1.196554,1.196554
B,B_sigma5.0,1024,5.0,0,0,19,-0.002975,-1.244391,1.244391
B,B_sigma5.0,1024,5.0,0,0,20,0.015134,-1.154919,1.154919
B,B_sigma8.0,1024,8.0,0,0,1,-0.146043,-1.229512,1.229512
B,B_sigma8.0,1024,8.0,0,0,2,0.042371,-1.220595,1.220595
B,B_sigma8.0,1024,8.0,0,0,3,-0.030673,-1.155505,1.155505
B,B_sigma8.0,1024,8.0,0,0,4,0.198024,-1.248168,1.248168
B,B_sigma8.0,1024,8.0,0,0,5,-0.213125,-1.164803,1.164803
B,B_sigma8.0,1024,8.0,0,0,6,-0.143618,-1.138515,1.138515
B,B_sigma8.0,1024,8.0,0,0,7,-0.337485,-1.183647,1.183647
B,B_sigma8.0,1024,8.0,0,0,8,0.039202,-1.278016,1.278016
B,B_sigma8.0,1024,8.0,0,0,9,-0.033089,-1.144308,1.144308
B,B_sigma8.0,1024,8.0,0,0,10,-0.050060,-1.137946,1.137946
B,B_sigma8.0,1024,8.0,0,0,11,-0.116296,-1.148926,1.148926
B,B_sigma8.0,1024,8.0,0,0,12,-0.060263,-1.198050,1.198050
B,B_sigma8.0,1024,8.0,0,0,13,-0.042100,-1.184252,1.184252
B,B_sigma8.0,1024,8.0,0,0,14,-0.063620,-1.192186,1.192186
B,B_sigma8.0,1024,8.0,0,0,15,-0.099922,-1.165071,1.165071
B,B_sigma8.0,1024,8.0,0,0,16,0.072349,-1.124812,1.124812
B,B_sigma8.0,1024,8.0,0,0,17,-0.205205,-1.208862,1.208862
B,B_sigma8.0,1024,8.0,0,0,18,-0.022623,-1.229314,1.229314
B,B_sigma8.0,1024,8.0,0,0,19,-0.039598,-1.277406,1.277406
B,B_sigma8.0,1024,8.0,0,0,20,-0.179298,-1.173255,1.173255
B,B_sigma16.0,1024,16.0,0,0,1,0.010785,-1.221854,1.221854
B,B_sigma16.0,1024,16.0,0,0,2,0.083332,-1.212477,1.212477
B,B_sigma16.0,1024,16.0,0,0,3,0.109447,-1.238445,1.238445
B,B_sigma16.0,1024,16.0,0,0,4,-0.052511,-1.165047,1.165047
B,B_sigma16.0,1024,16.0,0,0,5,-0.104625,-1.212081,1.212081
B,B_sigma16.0,1024,16.0,0,0,6,-0.172607,-1.254770,1.254770
B,B_sigma16.0,1024,16.0,0,0,7,-0.140625,-1.211790,1.211790
B,B_sigma16.0,1024,16.0,0,0,8,0.287428,-1.142757,1.142757
B,B_sigma16.0,1024,16.0,0,0,9,0.066845,-1.161886,1.161886
B,B_sigma16.0,1024,16.0,0,0,10,-0.044841,-1.177991,1.177991
B,B_sigma16.0,1024,16.0,0,0,11,-0.061172,-1.205371,1.205371
B,B_sigma16.0,1024,16.0,0,0,12,-0.332508,-1.122181,1.122181
B,B_sigma16.0,1024,16.0,0,0,13,-0.164086,-1.218550,1.218550
B,B_sigma16.0,1024,16.0,0,0,14,-0.145791,-1.161438,1.161438
B,B_sigma16.0,1024,16.0,0,0,15,-0.009945,-1.206420,1.206420
B,B_sigma16.0,1024,16.0,0,0,16,0.133826,-1.222376,1.222376
B,B_sigma16.0,1024,16.0,0,0,17,-0.020548,-1.213089,1.213089
B,B_sigma16.0,1024,16.0,0,0,18,-0.166099,-1.197898,1.197898
B,B_sigma16.0,1024,16.0,0,0,19,-0.100176,-1.173214,1.173214
B,B_sigma16.0,1024,16.0,0,0,20,-0.025837,-1.204045,1.204045
B,B_sigma32.0,1024,32.0,0,0,1,-0.193498,-1.191316,1.191316
B,B_sigma32.0,1024,32.0,0,0,2,0.495343,-1.216216,1.216216
B,B_sigma32.0,1024,32.0,0,0,3,0.040247,-1.206657,1.206657
B,B_sigma32.0,1024,32.0,0,0,4,0.006198,-1.234278,1.234278
B,B_sigma32.0,1024,32.0,0,0,5,0.053511,-1.180834,1.180834
B,B_sigma32.0,1024,32.0,0,0,6,-0.004595,-1.138567,1.138567
B,B_sigma32.0,1024,32.0,0,0,7,-0.004262,-1.257335,1.257335
B,B_sigma32.0,1024,32.0,0,0,8,-0.093718,-1.193297,1.193297
B,B_sigma32.0,1024,32.0,0,0,9,0.200262,-1.222667,1.222667
B,B_sigma32.0,1024,32.0,0,0,10,0.045910,-1.184640,1.184640
B,B_sigma32.0,1024,32.0,0,0,11,-0.067183,-1.175345,1.175345
B,B_sigma32.0,1024,32.0,0,0,12,0.027695,-1.223493,1.223493
B,B_sigma32.0,1024,32.0,0,0,13,-0.315406,-1.161000,1.161000
B,B_sigma32.0,1024,32.0,0,0,14,0.325777,-1.147518,1.147518
B,B_sigma32.0,1024,32.0,0,0,15,0.226232,-1.196978,1.196978
B,B_sigma32.0,1024,32.0,0,0,16,0.054768,-1.188116,1.188116
B,B_sigma32.0,1024,32.0,0,0,17,-0.076659,-1.201315,1.201315
B,B_sigma32.0,1024,32.0,0,0,18,-0.011923,-1.216615,1.216615
B,B_sigma32.0,1024,32.0,0,0,19,-0.257386,-1.195152,1.195152
B,B_sigma32.0,1024,32.0,0,0,20,-0.163774,-1.273359,1.273359
B,B_sigma64.0,1024,64.0,0,0,1,0.192540,-1.280703,1.280703
B,B_sigma64.0,1024,64.0,0,0,2,-0.024862,-1.188476,1.188476
B,B_sigma64.0,1024,64.0,0,0,3,-0.229852,-1.225683,1.225683
B,B_sigma64.0,1024,64.0,0,0,4,0.096620,-1.151462,1.151462
B,B_sigma64.0,1024,64.0,0,0,5,-0.093990,-1.201305,1.201305
B,B_sigma64.0,1024,64.0,0,0,6,0.059375,-1.178376,1.178376
B,B_sigma64.0,1024,64.0,0,0,7,-0.012447,-1.166334,1.166334
B,B_sigma64.0,1024,64.0,0,0,8,0.362679,-1.207383,1.207383
B,B_sigma64.0,1024,64.0,0,0,9,-0.040102,-1.171548,1.171548
B,B_sigma64.0,1024,64.0,0,0,10,0.009985,-1.147670,1.147670
B,B_sigma64.0,1024,64.0,0,0,11,0.071187,-1.216025,1.216025
B,B_sigma64.0,1024,64.0,0,0,12,-0.124348,-1.218432,1.218432
B,B_sigma64.0,1024,64.0,0,0,13,0.285403,-1.191601,1.191601
B,B_sigma64.0,1024,64.0,0,0,14,-0.192100,-1.187712,1.187712
B,B_sigma64.0,1024,64.0,0,0,15,0.009081,-1.198835,1.198835
B,B_sigma64.0,1024,64.0,0,0,16,-0.100230,-1.237333,1.237333
B,B_sigma64.0,1024,64.0,0,0,17,0.175277,-1.245580,1.245580
B,B_sigma64.0,1024,64.0,0,0,18,-0.070620,-1.173818,1.173818
B,B_sigma64.0,1024,64.0,0,0,19,-0.132590,-1.161148,1.161148
B,B_sigma64.0,1024,64.0,0,0,20,-0.249567,-1.185073,1.185073
C,C_bound3x,1024,3.2,0,0,1,-0.257927,-1.162078,1.162078
C,C_bound3x,1024,3.2,0,0,2,-0.246068,-1.169752,1.169752
C,C_bound3x,1024,3.2,0,0,3,-0.136225,-1.233957,1.233957
C,C_bound3x,1024,3.2,0,0,4,-0.040971,-1.207585,1.207585
C,C_bound3x,1024,3.2,0,0,5,-0.234171,-1.218319,1.218319
C,C_bound3x,1024,3.2,0,0,6,-0.219221,-1.143405,1.143405
C,C_bound3x,1024,3.2,0,0,7,-0.211379,-1.173889,1.173889
C,C_bound3x,1024,3.2,0,0,8,-0.134378,-1.217333,1.217333
C,C_bound3x,1024,3.2,0,0,9,-0.201902,-1.183039,1.183039
C,C_bound3x,1024,3.2,0,0,10,-0.275547,-1.262944,1.262944
C,C_bound3x,1024,3.2,0,0,11,-0.147938,-1.175134,1.175134
C,C_bound3x,1024,3.2,0,0,12,-0.226122,-1.167914,1.167914
C,C_bound3x,1024,3.2,0,0,13,-0.296375,-1.195217,1.195217
C,C_bound3x,1024,3.2,0,0,14,-0.208014,-1.201844,1.201844
C,C_bound3x,1024,3.2,0,0,15,-0.079022,-1.218558,1.218558
C,C_bound3x,1024,3.2,0,0,16,-0.072588,-1.129281,1.129281
C,C_bound3x,1024,3.2,0,0,17,-0.305671,-1.238926,1.238926
C,C_bound3x,1024,3.2,0,0,18,-0.115243,-1.272012,1.272012
C,C_bound3x,1024,3.2,0,0,19,-0.258440,-1.200981,1.200981
C,C_bound3x,1024,3.2,0,0,20,-0.018871,-1.200682,1.200682
C,C_bound6x,1024,3.2,0,0,1,-0.259147,-1.193655,1.193655
C,C_bound6x,1024,3.2,0,0,2,0.062441,-1.169960,1.169960
C,C_bound6x,1024,3.2,0,0,3,-0.200352,-1.232939,1.232939
C,C_bound6x,1024,3.2,0,0,4,-0.129996,-1.152870,1.152870
C,C_bound6x,1024,3.2,0,0,5,-0.191761,-1.163039,1.163039
C,C_bound6x,1024,3.2,0,0,6,0.040729,-1.115517,1.115517
C,C_bound6x,1024,3.2,0,0,7,-0.047824,-1.206431,1.206431
C,C_bound6x,1024,3.2,0,0,8,-0.125306,-1.158439,1.158439
C,C_bound6x,1024,3.2,0,0,9,0.124082,-1.201264,1.201264
C,C_bound6x,1024,3.2,0,0,10,-0.115984,-1.238038,1.238038
C,C_bound6x,1024,3.2,0,0,11,0.080170,-1.214216,1.214216
C,C_bound6x,1024,3.2,0,0,12,-0.052143,-1.186542,1.186542
C,C_bound6x,1024,3.2,0,0,13,0.113895,-1.211539,1.211539
C,C_bound6x,1024,3.2,0,0,14,-0.116096,-1.251510,1.251510
C,C_bound6x,1024,3.2,0,0,15,-0.147016,-1.192678,1.192678
C,C_bound6x,1024,3.2,0,0,16,-0.010283,-1.213876,1.213876
C,C_bound6x,1024,3.2,0,0,17,-0.160129,-1.179989,1.179989
C,C_bound6x,1024,3.2,0,0,18,-0.151712,-1.234295,1.234295
C,C_bound6x,1024,3.2,0,0,19,0.122989,-1.206775,1.206775
C,C_bound6x,1024,3.2,0,0,20,0.053996,-1.203211,1.203211
C,C_bound10x,1024,3.2,0,0,1,-0.187487,-1.201075,1.201075
C,C_bound10x,1024,3.2,0,0,2,-0.141066,-1.167570,1.167570
C,C_bound10x,1024,3.2,0,0,3,0.032829,-1.191840,1.191840
C,C_bound10x,1024,3.2,0,0,4,-0.095764,-1.203669,1.203669
C,C_bound10x,1024,3.2,0,0,5,-0.357635,-1.165249,1.165249
C,C_bound10x,1024,3.2,0,0,6,0.245906,-1.203144,1.203144
C,C_bound10x,1024,3.2,0,0,7,-0.035946,-1.162914,1.162914
C,C_bound10x,1024,3.2,0,0,8,0.107678,-1.243706,1.243706
C,C_bound10x,1024,3.2,0,0,9,-0.028768,-1.232877,1.232877
C,C_bound10x,1024,3.2,0,0,10,-0.102523,-1.234163,1.234163
C,C_bound10x,1024,3.2,0,0,11,0.161591,-1.217036,1.217036
C,C_bound10x,1024,3.2,0,0,12,0.033795,-1.221379,1.221379
C,C_bound10x,1024,3.2,0,0,13,-0.038058,-1.158364,1.158364
C,C_bound10x,1024,3.2,0,0,14,0.192642,-1.267652,1.267652
C,C_bound10x,1024,3.2,0,0,15,-0.064706,-1.150390,1.150390
C,C_bound10x,1024,3.2,0,0,16,0.004121,-1.171698,1.171698
C,C_bound10x,1024,3.2,0,0,17,0.065832,-1.198406,1.198406
C,C_bound10x,1024,3.2,0,0,18,0.130653,-1.243258,1.243258
C,C_bound10x,1024,3.2,0,0,19,-0.008040,-1.152247,1.152247
C,C_bound10x,1024,3.2,0,0,20,-0.041041,-1.186966,1.186966
C,C_bound20x,1024,3.2,0,0,1,-0.178434,-1.129129,1.129129
C,C_bound20x,1024,3.2,0,0,2,0.020989,-1.173126,1.173126
C,C_bound20x,1024,3.2,0,0,3,-0.078081,-1.192842,1.192842
C,C_bound20x,1024,3.2,0,0,4,-0.023543,-1.171704,1.171704
C,C_bound20x,1024,3.2,0,0,5,0.117868,-1.190969,1.190969
C,C_bound20x,1024,3.2,0,0,6,0.033241,-1.178900,1.178900
C,C_bound20x,1024,3.2,0,0,7,-0.026312,-1.207121,1.207121
C,C_bound20x,1024,3.2,0,0,8,0.030813,-1.175204,1.175204
C,C_bound20x,1024,3.2,0,0,9,0.028494,-1.212198,1.212198
C,C_bound20x,1024,3.2,0,0,10,0.121748,-1.228994,1.228994
C,C_bound20x,1024,3.2,0,0,11,0.295055,-1.147749,1.147749
C,C_bound20x,1024,3.2,0,0,12,-0.021685,-1.206533,1.206533
C,C_bound20x,1024,3.2,0,0,13,0.113939,-1.198056,1.198056
C,C_bound20x,1024,3.2,0,0,14,0.101616,-1.255333,1.255333
C,C_bound20x,1024,3.2,0,0,15,0.312234,-1.215840,1.215840
C,C_bound20x,1024,3.2,0,0,16,0.051173,-1.127902,1.127902
C,C_bound20x,1024,3.2,0,0,17,-0.107026,-1.195248,1.195248
C,C_bound20x,1024,3.2,0,0,18,0.096550,-1.173246,1.173246
C,C_bound20x,1024,3.2,0,0,19,-0.093074,-1.214805,1.214805
C,C_bound20x,1024,3.2,0,0,20,0.003882,-1.151583,1.151583
C,C_bound50x,1024,3.2,0,0,1,0.075265,-1.222245,1.222245
C,C_bound50x,1024,3.2,0,0,2,-0.121763,-1.153516,1.153516
C,C_bound50x,1024,3.2,0,0,3,0.368339,-1.175504,1.175504
C,C_bound50x,1024,3.2,0,0,4,0.044380,-1.204065,1.204065
C,C_bound50x,1024,3.2,0,0,5,-0.017960,-1.194698,1.194698
C,C_bound50x,1024,3.2,0,0,6,0.013132,-1.171639,1.171639
C,C_bound50x,1024,3.2,0,0,7,0.275432,-1.222284,1.222284
C,C_bound50x,1024,3.2,0,0,8,0.065459,-1.226044,1.226044
C,C_bound50x,1024,3.2,0,0,9,-0.011898,-1.130190,1.130190
C,C_bound50x,1024,3.2,0,0,10,-0.005325,-1.203599,1.203599
C,C_bound50x,1024,3.2,0,0,11,0.230684,-1.172656,1.172656
C,C_bound50x,1024,3.2,0,0,12,0.213212,-1.177914,1.177914
C,C_bound50x,1024,3.2,0,0,13,-0.194726,-1.187702,1.187702
C,C_bound50x,1024,3.2,0,0,14,-0.062636,-1.159927,1.159927
C,C_bound50x,1024,3.2,0,0,15,-0.118006,-1.134825,1.134825
C,C_bound50x,1024,3.2,0,0,16,-0.149382,-1.209642,1.209642
C,C_bound50x,1024,3.2,0,0,17,0.029970,-1.145527,1.145527
C,C_bound50x,1024,3.2,0,0,18,-0.033485,-1.144970,1.144970
C,C_bound50x,1024,3.2,0,0,19,0.062834,-1.211410,1.211410
C,C_bound50x,1024,3.2,0,0,20,-0.174514,-1.233662,1.233662
C,C_bound100x,1024,3.2,0,0,1,0.130757,-1.141664,1.141664
C,C_bound100x,1024,3.2,0,0,2,0.128024,-1.213106,1.213106
C,C_bound100x,1024,3.2,0,0,3,0.100608,-1.199836,1.199836
C,C_bound100x,1024,3.2,0,0,4,-0.220926,-1.241185,1.241185
C,C_bound100x,1024,3.2,0,0,5,0.055329,-1.120421,1.120421
C,C_bound100x,1024,3.2,0,0,6,0.003727,-1.197979,1.197979
C,C_bound100x,1024,3.2,0,0,7,0.165751,-1.118872,1.118872
C,C_bound100x,1024,3.2,0,0,8,0.223749,-1.197257,1.197257
C,C_bound100x,1024,3.2,0,0,9,0.268282,-1.168947,1.168947
C,C_bound100x,1024,3.2,0,0,10,-0.076550,-1.208028,1.208028
C,C_bound100x,1024,3.2,0,0,11,-0.019619,-1.238295,1.238295
C,C_bound100x,1024,3.2,0,0,12,0.008557,-1.153556,1.153556
C,C_bound100x,1024,3.2,0,0,13,-0.049652,-1.181243,1.181243
C,C_bound100x,1024,3.2,0,0,14,0.078858,-1.150390,1.150390
C,C_bound100x,1024,3.2,0,0,15,-0.215274,-1.091847,1.091847
C,C_bound100x,1024,3.2,0,0,16,0.103880,-1.201687,1.201687
C,C_bound100x,1024,3.2,0,0,17,0.111602,-1.180589,1.180589
C,C_bound100x,1024,3.2,0,0,18,-0.232564,-1.261498,1.261498
C,C_bound100x,1024,3.2,0,0,19,0.024601,-1.198784,1.198784
C,C_bound100x,1024,3.2,0,0,20,-0.021610,-1.161042,1.161042
D,D_q14bit,1024,0.0,14,12289,1,0.154097,-1.192251,1.192251
D,D_q14bit,1024,0.0,14,12289,2,-0.313056,-1.212219,1.212219
D,D_q14bit,1024,0.0,14,12289,3,-0.160176,-1.224940,1.224940
D,D_q14bit,1024,0.0,14,12289,4,-0.223233,-1.209307,1.209307
D,D_q14bit,1024,0.0,14,12289,5,-0.074535,-1.154690,1.154690
D,D_q14bit,1024,0.0,14,12289,6,0.041578,-1.199525,1.199525
D,D_q14bit,1024,0.0,14,12289,7,0.095289,-1.212629,1.212629
D,D_q14bit,1024,0.0,14,12289,8,-0.127490,-1.222054,1.222054
D,D_q14bit,1024,0.0,14,12289,9,0.081194,-1.205605,1.205605
D,D_q14bit,1024,0.0,14,12289,10,0.116298,-1.176832,1.176832
D,D_q14bit,1024,0.0,14,12289,11,0.087504,-1.234035,1.234035
D,D_q14bit,1024,0.0,14,12289,12,0.154332,-1.254718,1.254718
D,D_q14bit,1024,0.0,14,12289,13,-0.090788,-1.185243,1.185243
D,D_q14bit,1024,0.0,14,12289,14,-0.157549,-1.161548,1.161548
D,D_q14bit,1024,0.0,14,12289,15,0.160665,-1.133243,1.133243
D,D_q14bit,1024,0.0,14,12289,16,-0.218754,-1.223815,1.223815
D,D_q14bit,1024,0.0,14,12289,17,0.267070,-1.245096,1.245096
D,D_q14bit,1024,0.0,14,12289,18,-0.052787,-1.226473,1.226473
D,D_q14bit,1024,0.0,14,12289,19,-0.279346,-1.199031,1.199031
D,D_q14bit,1024,0.0,14,12289,20,0.042398,-1.243794,1.243794
D,D_q16bit,1024,0.0,16,40961,1,-0.175733,-1.260363,1.260363
D,D_q16bit,1024,0.0,16,40961,2,-0.149185,-1.222026,1.222026
D,D_q16bit,1024,0.0,16,40961,3,0.244112,-1.184826,1.184826
D,D_q16bit,1024,0.0,16,40961,4,-0.179921,-1.169996,1.169996
D,D_q16bit,1024,0.0,16,40961,5,-0.124451,-1.227901,1.227901
D,D_q16bit,1024,0.0,16,40961,6,-0.158547,-1.189054,1.189054
D,D_q16bit,1024,0.0,16,40961,7,-0.020026,-1.178852,1.178852
D,D_q16bit,1024,0.0,16,40961,8,-0.018655,-1.232220,1.232220
D,D_q16bit,1024,0.0,16,40961,9,0.021251,-1.122658,1.122658
D,D_q16bit,1024,0.0,16,40961,10,-0.133480,-1.148339,1.148339
D,D_q16bit,1024,0.0,16,40961,11,0.027018,-1.171456,1.171456
D,D_q16bit,1024,0.0,16,40961,12,0.048508,-1.233743,1.233743
D,D_q16bit,1024,0.0,16,40961,13,0.066360,-1.188995,1.188995
D,D_q16bit,1024,0.0,16,40961,14,0.248462,-1.198905,1.198905
D,D_q16bit,1024,0.0,16,40961,15,-0.149038,-1.179657,1.179657
D,D_q16bit,1024,0.0,16,40961,16,0.060334,-1.203286,1.203286
D,D_q16bit,1024,0.0,16,40961,17,-0.229546,-1.201647,1.201647
D,D_q16bit,1024,0.0,16,40961,18,0.060371,-1.199961,1.199961
D,D_q16bit,1024,0.0,16,40961,19,-0.183948,-1.213565,1.213565
D,D_q16bit,1024,0.0,16,40961,20,0.155372,-1.170995,1.170995
D,D_q17bit,1024,0.0,17,65537,1,0.134441,-1.230945,1.230945
D,D_q17bit,1024,0.0,17,65537,2,0.168164,-1.208843,1.208843
D,D_q17bit,1024,0.0,17,65537,3,-0.030121,-1.109406,1.109406
D,D_q17bit,1024,0.0,17,65537,4,0.167906,-1.185482,1.185482
D,D_q17bit,1024,0.0,17,65537,5,-0.094225,-1.182227,1.182227
D,D_q17bit,1024,0.0,17,65537,6,-0.128031,-1.217561,1.217561
D,D_q17bit,1024,0.0,17,65537,7,-0.028141,-1.213146,1.213146
D,D_q17bit,1024,0.0,17,65537,8,0.072872,-1.171778,1.171778
D,D_q17bit,1024,0.0,17,65537,9,-0.081343,-1.211206,1.211206
D,D_q17bit,1024,0.0,17,65537,10,-0.073150,-1.105343,1.105343
D,D_q17bit,1024,0.0,17,65537,11,0.167746,-1.229088,1.229088
D,D_q17bit,1024,0.0,17,65537,12,0.133743,-1.161884,1.161884
D,D_q17bit,1024,0.0,17,65537,13,0.125061,-1.166867,1.166867
D,D_q17bit,1024,0.0,17,65537,14,-0.323729,-1.263385,1.263385
D,D_q17bit,1024,0.0,17,65537,15,-0.109725,-1.258741,1.258741
D,D_q17bit,1024,0.0,17,65537,16,0.231558,-1.170952,1.170952
D,D_q17bit,1024,0.0,17,65537,17,-0.191530,-1.186354,1.186354
D,D_q17bit,1024,0.0,17,65537,18,0.302835,-1.242448,1.242448
D,D_q17bit,1024,0.0,17,65537,19,0.117718,-1.219298,1.219298
D,D_q17bit,1024,0.0,17,65537,20,0.115161,-1.265328,1.265328
D,D_q20bit,1024,0.0,20,786433,1,-0.125564,-1.225540,1.225540
D,D_q20bit,1024,0.0,20,786433,2,-0.034015,-1.220607,1.220607
D,D_q20bit,1024,0.0,20,786433,3,0.122173,-1.218873,1.218873
D,D_q20bit,1024,0.0,20,786433,4,0.134242,-1.227680,1.227680
D,D_q20bit,1024,0.0,20,786433,5,-0.334736,-1.147695,1.147695
D,D_q20bit,1024,0.0,20,786433,6,-0.181969,-1.277771,1.277771
D,D_q20bit,1024,0.0,20,786433,7,-0.148611,-1.216192,1.216192
D,D_q20bit,1024,0.0,20,786433,8,0.317153,-1.229672,1.229672
D,D_q20bit,1024,0.0,20,786433,9,-0.049537,-1.199333,1.199333
D,D_q20bit,1024,0.0,20,786433,10,-0.119569,-1.221463,1.221463
D,D_q20bit,1024,0.0,20,786433,11,0.023765,-1.232770,1.232770
D,D_q20bit,1024,0.0,20,786433,12,0.152673,-1.166506,1.166506
D,D_q20bit,1024,0.0,20,786433,13,-0.116022,-1.239847,1.239847
D,D_q20bit,1024,0.0,20,786433,14,0.106521,-1.135931,1.135931
D,D_q20bit,1024,0.0,20,786433,15,-0.057987,-1.188857,1.188857
D,D_q20bit,1024,0.0,20,786433,16,0.132289,-1.227938,1.227938
D,D_q20bit,1024,0.0,20,786433,17,0.032798,-1.191841,1.191841
D,D_q20bit,1024,0.0,20,786433,18,0.011276,-1.176034,1.176034
D,D_q20bit,1024,0.0,20,786433,19,-0.008442,-1.198961,1.198961
D,D_q20bit,1024,0.0,20,786433,20,0.034732,-1.204898,1.204898
D,D_q30bit,1024,0.0,30,1073479681,1,-0.158559,-1.218811,1.218811
D,D_q30bit,1024,0.0,30,1073479681,2,-0.076994,-1.221740,1.221740
D,D_q30bit,1024,0.0,30,1073479681,3,-0.077759,-1.191707,1.191707
D,D_q30bit,1024,0.0,30,1073479681,4,-0.143471,-1.167966,1.167966
D,D_q30bit,1024,0.0,30,1073479681,5,0.270807,-1.195467,1.195467
D,D_q30bit,1024,0.0,30,1073479681,6,0.131819,-1.178991,1.178991
D,D_q30bit,1024,0.0,30,1073479681,7,-0.104897,-1.177281,1.177281
D,D_q30bit,1024,0.0,30,1073479681,8,0.021496,-1.199413,1.199413
D,D_q30bit,1024,0.0,30,1073479681,9,0.118464,-1.195518,1.195518
D,D_q30bit,1024,0.0,30,1073479681,10,-0.039119,-1.177060,1.177060
D,D_q30bit,1024,0.0,30,1073479681,11,0.024366,-1.268413,1.268413
D,D_q30bit,1024,0.0,30,1073479681,12,-0.145171,-1.258284,1.258284
D,D_q30bit,1024,0.0,30,1073479681,13,-0.215504,-1.240576,1.240576
D,D_q30bit,1024,0.0,30,1073479681,14,-0.142500,-1.198459,1.198459
D,D_q30bit,1024,0.0,30,1073479681,15,0.168322,-1.207814,1.207814
D,D_q30bit,1024,0.0,30,1073479681,16,0.062655,-1.205108,1.205108
D,D_q30bit,1024,0.0,30,1073479681,17,-0.301426,-1.153091,1.153091
D,D_q30bit,1024,0.0,30,1073479681,18,0.171745,-1.253887,1.253887
D,D_q30bit,1024,0.0,30,1073479681,19,0.217594,-1.223250,1.223250
D,D_q30bit,1024,0.0,30,1073479681,20,0.005207,-1.210368,1.210368
D,D_q51bit,1024,0.0,51,2251799813554177,1,-0.102152,-1.185950,1.185950
D,D_q51bit,1024,0.0,51,2251799813554177,2,0.037813,-1.175221,1.175221
D,D_q51bit,1024,0.0,51,2251799813554177,3,0.072530,-1.172769,1.172769
D,D_q51bit,1024,0.0,51,2251799813554177,4,0.153634,-1.224773,1.224773
D,D_q51bit,1024,0.0,51,2251799813554177,5,-0.151228,-1.227033,1.227033
D,D_q51bit,1024,0.0,51,2251799813554177,6,-0.013190,-1.230226,1.230226
D,D_q51bit,1024,0.0,51,2251799813554177,7,0.275089,-1.245050,1.245050
D,D_q51bit,1024,0.0,51,2251799813554177,8,-0.057194,-1.176222,1.176222
D,D_q51bit,1024,0.0,51,2251799813554177,9,-0.019230,-1.237422,1.237422
D,D_q51bit,1024,0.0,51,2251799813554177,10,-0.338567,-1.228176,1.228176
D,D_q51bit,1024,0.0,51,2251799813554177,11,-0.069975,-1.181181,1.181181
D,D_q51bit,1024,0.0,51,2251799813554177,12,0.042518,-1.199671,1.199671
D,D_q51bit,1024,0.0,51,2251799813554177,13,0.123063,-1.253088,1.253088
D,D_q51bit,1024,0.0,51,2251799813554177,14,0.017317,-1.268742,1.268742
D,D_q51bit,1024,0.0,51,2251799813554177,15,-0.140247,-1.197278,1.197278
D,D_q51bit,1024,0.0,51,2251799813554177,16,0.118828,-1.203932,1.203932
D,D_q51bit,1024,0.0,51,2251799813554177,17,-0.076618,-1.164672,1.164672
D,D_q51bit,1024,0.0,51,2251799813554177,18,0.209774,-1.161585,1.161585
D,D_q51bit,1024,0.0,51,2251799813554177,19,-0.115534,-1.203619,1.203619
D,D_q51bit,1024,0.0,51,2251799813554177,20,0.121716,-1.106936,1.106936
E_DFT,E_plainDFT,1024,0.0,0,0,1,0.000000,1.565730,1.565730
E_NTT,E_cyclotomicNTT,1024,0.0,0,0,1,0.000000,-1.147058,1.147058
E_DFT,E_plainDFT,1024,0.0,0,0,2,0.000000,0.124779,0.124779
E_NTT,E_cyclotomicNTT,1024,0.0,0,0,2,0.000000,-1.214141,1.214141
E_DFT,E_plainDFT,1024,0.0,0,0,3,0.000000,0.151678,0.151678
E_NTT,E_cyclotomicNTT,1024,0.0,0,0,3,0.000000,-1.236672,1.236672
E_DFT,E_plainDFT,1024,0.0,0,0,4,0.000000,0.656217,0.656217
E_NTT,E_cyclotomicNTT,1024,0.0,0,0,4,0.000000,-1.207973,1.207973
E_DFT,E_plainDFT,1024,0.0,0,0,5,0.000000,0.208077,0.208077
E_NTT,E_cyclotomicNTT,1024,0.0,0,0,5,0.000000,-1.130939,1.130939
E_DFT,E_plainDFT,1024,0.0,0,0,6,0.000000,0.422526,0.422526
E_NTT,E_cyclotomicNTT,1024,0.0,0,0,6,0.000000,-1.162287,1.162287
E_DFT,E_plainDFT,1024,0.0,0,0,7,0.000000,0.539851,0.539851
E_NTT,E_cyclotomicNTT,1024,0.0,0,0,7,0.000000,-1.155260,1.155260
E_DFT,E_plainDFT,1024,0.0,0,0,8,0.000000,1.061094,1.061094
E_NTT,E_cyclotomicNTT,1024,0.0,0,0,8,0.000000,-1.186607,1.186607
E_DFT,E_plainDFT,1024,0.0,0,0,9,0.000000,0.778981,0.778981
E_NTT,E_cyclotomicNTT,1024,0.0,0,0,9,0.000000,-1.168358,1.168358
E_DFT,E_plainDFT,1024,0.0,0,0,10,0.000000,0.176337,0.176337
E_NTT,E_cyclotomicNTT,1024,0.0,0,0,10,0.000000,-1.178985,1.178985
E_DFT,E_plainDFT,1024,0.0,0,0,11,0.000000,0.490761,0.490761
E_NTT,E_cyclotomicNTT,1024,0.0,0,0,11,0.000000,-1.170267,1.170267
E_DFT,E_plainDFT,1024,0.0,0,0,12,0.000000,0.026843,0.026843
E_NTT,E_cyclotomicNTT,1024,0.0,0,0,12,0.000000,-1.252223,1.252223
E_DFT,E_plainDFT,1024,0.0,0,0,13,0.000000,0.383681,0.383681
E_NTT,E_cyclotomicNTT,1024,0.0,0,0,13,0.000000,-1.183261,1.183261
E_DFT,E_plainDFT,1024,0.0,0,0,14,0.000000,0.450185,0.450185
E_NTT,E_cyclotomicNTT,1024,0.0,0,0,14,0.000000,-1.188192,1.188192
E_DFT,E_plainDFT,1024,0.0,0,0,15,0.000000,0.299338,0.299338
E_NTT,E_cyclotomicNTT,1024,0.0,0,0,15,0.000000,-1.192348,1.192348
E_DFT,E_plainDFT,1024,0.0,0,0,16,0.000000,0.232749,0.232749
E_NTT,E_cyclotomicNTT,1024,0.0,0,0,16,0.000000,-1.215797,1.215797
E_DFT,E_plainDFT,1024,0.0,0,0,17,0.000000,0.151551,0.151551
E_NTT,E_cyclotomicNTT,1024,0.0,0,0,17,0.000000,-1.214128,1.214128
E_DFT,E_plainDFT,1024,0.0,0,0,18,0.000000,0.148696,0.148696
E_NTT,E_cyclotomicNTT,1024,0.0,0,0,18,0.000000,-1.220907,1.220907
E_DFT,E_plainDFT,1024,0.0,0,0,19,0.000000,0.132682,0.132682
E_NTT,E_cyclotomicNTT,1024,0.0,0,0,19,0.000000,-1.173788,1.173788
E_DFT,E_plainDFT,1024,0.0,0,0,20,0.000000,-0.311083,0.311083
E_NTT,E_cyclotomicNTT,1024,0.0,0,0,20,0.000000,-1.203402,1.203402
