trial,nanoseconds
0,5731
1,5660
2,5650
3,5661
4,5661
5,5660
6,5661
7,5651
8,5651
9,5630
10,5671
11,5661
12,5651
13,5640
14,5651
15,5651
16,5660
17,5630
18,5651
19,5641
20,5650
21,5651
22,5661
23,5661
24,5650
25,5621
26,5661
27,5650
28,5661
29,5651
30,5641
31,5650
32,5821
33,5661
34,5641
35,5641
36,5640
37,5641
38,5641
39,5650
40,5650
41,5651
42,5641
43,5660
44,5661
45,5671
46,5671
47,5660
48,5651
49,5661
50,5681
51,5670
52,5661
53,5661
54,5671
55,5670
56,5671
57,5661
58,5661
59,5660
60,5621
61,5611
62,5600
63,5601
64,5661
65,5610
66,5581
67,5601
68,5600
69,5591
70,5600
71,5590
72,5601
73,5610
74,5591
75,5591
76,5590
77,5591
78,5600
79,5610
80,5591
81,5590
82,5591
83,5601
84,5600
85,5591
86,5590
87,5590
88,5591
89,5600
90,5601
91,5601
92,5590
93,5591
94,5600
95,5600
96,5611
97,5600
98,5581
99,5601
100,5600
101,5601
102,5601
103,5600
104,5591
105,5600
106,5601
107,5601
108,5600
109,5591
110,5591
111,5600
112,5601
113,5600
114,5591
115,5591
116,5590
117,5601
118,5601
119,5600
120,5591
121,5590
122,5601
123,5601
124,5600
125,5601
126,5590
127,5600
128,5611
129,5610
130,5591
131,5591
132,5590
133,5601
134,5590
135,5590
136,5601
137,5590
138,5591
139,5601
140,5600
141,5601
142,5601
143,5590
144,5601
145,5590
146,5601
147,5601
148,5600
149,5591
150,5590
151,5600
152,5601
153,5600
154,5601
155,5591
156,5600
157,5591
158,5600
159,5590
160,5611
161,5600
162,5571
163,5591
164,5600
165,5982
166,5740
167,9588
168,5640
169,5621
170,5611
171,5570
172,5591
173,5621
174,5600
175,5601
176,5600
177,5590
178,5601
179,5620
180,5621
181,5601
182,5590
183,5591
184,5591
185,5600
186,5601
187,5610
188,5610
189,5601
190,5600
191,5601
192,5601
193,5590
194,5591
195,5600
196,5610
197,5601
198,5600
199,5591
200,5591
201,5580
202,5591
203,5600
204,5600
205,5581
206,5570
207,5581
208,5591
209,5600
210,5581
211,5590
212,5611
213,5601
214,5610
215,5591
216,5591
217,5590
218,5591
219,5620
220,5621
221,5601
222,5560
223,5541
224,5530
225,5521
226,5520
227,5531
228,6733
229,7634
230,7184
231,6131
232,6102
233,5761
234,5530
235,5521
236,5520
237,5511
238,5500
239,5521
240,5530
241,5531
242,5520
243,7094
244,7043
245,5911
246,5521
247,6181
248,7814
249,5711
250,5541
251,5520
252,5521
253,5530
254,5531
255,5510
256,5520
257,5510
258,5510
259,5510
260,5510
261,5521
262,5510
263,5521
264,5520
265,5511
266,5500
267,5521
268,5510
269,5521
270,6532
271,7404
272,7073
273,7284
274,8065
275,6021
276,5560
277,5520
278,5510
279,5550
280,5520
281,5520
282,5520
283,5530
284,5520
285,5520
286,5530
287,5511
288,5530
289,5521
290,5530
291,5521
292,5510
293,5521
294,5520
295,5511
296,5520
297,5531
298,5520
299,5521
300,5520
301,5541
302,5530
303,5521
304,5510
305,5521
306,5520
307,5531
308,5550
309,5521
310,5520
311,5521
312,5520
313,5531
314,5530
315,5521
316,5510
317,5520
318,5530
319,5520
320,5520
321,5520
322,5511
323,5530
324,5521
325,5530
326,5521
327,5520
328,5521
329,5520
330,5531
331,5520
332,5521
333,5510
334,5521
335,5520
336,5531
337,5520
338,5521
339,5931
340,5580
341,7343
342,5531
343,5510
344,5511
345,5530
346,5541
347,5540
348,5541
349,5530
350,5541
351,5540
352,5541
353,5540
354,5540
355,5530
356,5540
357,5540
358,5540
359,5541
360,5530
361,5531
362,5530
363,5541
364,5540
365,5541
366,5530
367,5531
368,5540
369,5541
370,5540
371,5531
372,5540
373,5531
374,5540
375,5521
376,5530
377,5521
378,5520
379,5521
380,5530
381,5521
382,5530
383,5521
384,5520
385,5511
386,5520
387,5520
388,5540
389,5531
390,5540
391,5531
392,5530
393,5531
394,5540
395,5531
396,5530
397,5541
398,5490
399,5470
400,5461
401,5460
402,5450
403,5460
404,5460
405,5461
406,5460
407,5450
408,5451
409,5460
410,5460
411,5451
412,5450
413,5450
414,5460
415,5450
416,5461
417,5460
418,5460
419,5441
420,5460
421,5450
422,5451
423,5450
424,5450
425,5451
426,5460
427,5450
428,5460
429,5460
430,5451
431,5450
432,5460
433,5461
434,5460
435,5450
436,5451
437,5450
438,5440
439,5451
440,5460
441,5450
442,5450
443,5460
444,5450
445,5450
446,5460
447,5461
448,5450
449,5450
450,5451
451,5460
452,5460
453,5451
454,5450
455,5450
456,5450
457,5460
458,5461
459,5450
460,5450
461,5461
462,5450
463,5460
464,5451
465,5450
466,5460
467,5451
468,5460
469,5460
470,5450
471,5450
472,5460
473,5450
474,5460
475,5461
476,5450
477,5450
478,5441
479,5460
480,5450
481,5451
482,5460
483,5450
484,5461
485,5450
486,5460
487,5460
488,5450
489,5451
490,5460
491,5450
492,5461
493,5460
494,5450
495,5451
496,5460
497,5460
498,5451
499,5450
500,5450
501,5450
502,5460
503,5451
504,5460
505,5460
506,5451
507,5450
508,5450
509,5451
510,5460
511,5450
512,5451
513,5450
514,5460
515,5461
516,5460
517,5450
518,5450
519,5450
520,5841
521,5461
522,6532
523,5470
524,5451
525,5450
526,5460
527,5460
528,5440
529,5451
530,5440
531,5450
532,5451
533,5440
534,5430
535,5431
536,5440
537,5450
538,5430
539,5420
540,5420
541,5420
542,5421
543,5430
544,5430
545,5431
546,5430
547,5430
548,5421
549,5430
550,5430
551,5430
552,5430
553,5430
554,5430
555,5431
556,5430
557,5430
558,5431
559,5420
560,5430
561,5431
562,5440
563,5430
564,5420
565,5430
566,5430
567,5430
568,5431
569,5430
570,5420
571,5431
572,5430
573,5430
574,5431
575,5420
576,5420
577,5430
578,5431
579,5420
580,5430
581,5431
582,5420
583,5410
584,5420
585,5430
586,5440
587,5430
588,5431
589,5440
590,5440
591,5441
592,5430
593,5430
594,5431
595,5440
596,5410
597,5370
598,5361
599,5350
600,5350
601,5350
602,5360
603,5360
604,5351
605,5350
606,5340
607,5360
608,5350
609,5360
610,5351
611,5350
612,5350
613,5350
614,5350
615,5360
616,5351
617,5350
618,5350
619,5360
620,5350
621,5360
622,5350
623,5350
624,5350
625,5350
626,5360
627,5360
628,5340
629,5350
630,5350
631,5350
632,5360
633,5360
634,5350
635,5350
636,5350
637,5350
638,5380
639,5360
640,5350
641,5350
642,5350
643,5350
644,5360
645,5360
646,5350
647,5350
648,5340
649,5360
650,5360
651,5360
652,5350
653,5340
654,5350
655,5350
656,5360
657,5360
658,5350
659,5351
660,5350
661,5350
662,5360
663,5350
664,5350
665,5351
666,5350
667,5350
668,5370
669,5350
670,5350
671,5350
672,5350
673,5350
674,5360
675,5350
676,5350
677,5350
678,5350
679,5360
680,5360
681,5350
682,5350
683,5360
684,5350
685,5350
686,5360
687,5350
688,5360
689,5340
690,5350
691,5360
692,5360
693,5350
694,5350
695,5340
696,5361
697,5350
698,5360
699,5350
700,5350
701,5350
702,5351
703,5360
704,5891
705,5380
706,6593
707,5380
708,5360
709,5370
710,5360
711,5380
712,5350
713,5360
714,5380
715,5380
716,5381
717,5360
718,5380
719,5360
720,5370
721,5391
722,5370
723,5380
724,5370
725,5380
726,5370
727,5380
728,5380
729,5370
730,5370
731,5380
732,5380
733,5380
734,5370
735,5371
736,5370
737,5380
738,5360
739,5370
740,5381
741,5370
742,5380
743,5370
744,5380
745,5381
746,5360
747,5360
748,5360
749,5360
750,5370
751,5370
752,5360
753,5370
754,5370
755,5370
756,5371
757,5370
758,5370
759,5370
760,5360
761,5371
762,5370
763,5380
764,5370
765,5360
766,5371
767,5370
768,5370
769,5370
770,5350
771,5350
772,5370
773,5370
774,5380
775,5370
776,5370
777,5360
778,5370
779,5370
780,5370
781,5370
782,7153
783,6071
784,6041
785,6071
786,6061
787,6031
788,6042
789,6031
790,6022
791,6943
792,6803
793,6903
794,7444
795,7073
796,7754
797,6392
798,6072
799,5400
800,5400
801,7434
802,6403
803,5310
804,5290
805,5300
806,5300
807,5300
808,5300
809,5300
810,5300
811,5310
812,5310
813,5300
814,5310
815,5300
816,5310
817,5310
818,5310
819,5310
820,5300
821,5300
822,5310
823,5310
824,5310
825,5300
826,5300
827,5310
828,5300
829,5310
830,5310
831,5300
832,5300
833,5300
834,5320
835,5330
836,5310
837,5310
838,5300
839,5300
840,5300
841,5310
842,5300
843,5310
844,5300
845,5290
846,5310
847,5300
848,5310
849,5300
850,5300
851,5300
852,5310
853,5300
854,5310
855,5300
856,5300
857,5310
858,5300
859,5300
860,5310
861,5310
862,5290
863,5300
864,5310
865,5300
866,5320
867,5330
868,5290
869,5300
870,5300
871,5310
872,5310
873,5310
874,5290
875,5300
876,5310
877,5300
878,5310
879,5300
880,5300
881,5280
882,5300
883,5300
884,5310
885,5300
886,5750
887,6843
888,5310
889,5310
890,5290
891,7354
892,6172
893,7013
894,7143
895,7494
896,7474
897,5500
898,5300
899,5300
900,5290
901,5280
902,5289
903,5290
904,5290
905,5300
906,5280
907,5290
908,5290
909,5290
910,5290
911,5290
912,5300
913,5280
914,5280
915,5300
916,5290
917,5290
918,5300
919,5290
920,5290
921,5270
922,5280
923,5300
924,5290
925,5289
926,5290
927,5290
928,5290
929,5310
930,5290
931,5290
932,5290
933,5290
934,5300
935,5300
936,5290
937,5280
938,5300
939,5300
940,5290
941,5300
942,5290
943,5290
944,5290
945,5300
946,5300
947,5290
948,5300
949,5290
950,5280
951,5290
952,5300
953,5290
954,5290
955,5290
956,7214
957,6813
958,6712
959,6803
960,7294
961,8065
962,7084
963,7203
964,7024
965,6682
966,7384
967,6813
968,6843
969,7214
970,6292
971,6592
972,7254
973,6813
974,6683
975,7043
976,6663
977,7594
978,8176
979,7123
980,7484
981,7364
982,7084
983,6843
984,7173
985,5871
986,5821
987,5681
988,5270
989,5300
990,5270
991,5280
992,5280
993,5280
994,5260
995,5260
996,5270
997,5270
998,5270
999,5270
1000,5270
1001,5280
1002,5270
1003,5270
1004,5270
1005,5270
1006,5270
1007,5270
1008,5250
1009,5220
1010,5200
1011,5200
1012,5200
1013,5210
1014,5200
1015,5200
1016,5209
1017,6713
1018,7154
1019,7193
1020,7064
1021,6382
1022,7244
1023,7323
1024,7504
1025,5230
1026,5220
1027,5219
1028,5209
1029,5220
1030,5210
1031,5220
1032,5230
1033,5230
1034,5230
1035,5240
1036,5240
1037,5230
1038,5240
1039,5219
1040,5229
1041,5220
1042,5230
1043,5230
1044,5230
1045,5220
1046,5230
1047,5230
1048,5240
1049,5230
1050,5240
1051,5220
1052,5220
1053,5219
1054,5229
1055,5230
1056,5230
1057,5220
1058,5230
1059,6983
1060,8767
1061,5270
1062,5200
1063,5210
1064,5200
1065,5229
1066,5209
1067,5220
1068,5210
1069,5210
1070,5220
1071,5210
1072,5220
1073,5210
1074,5210
1075,5209
1076,5209
1077,5220
1078,5210
1079,5220
1080,5210
1081,5210
1082,5210
1083,5210
1084,5220
1085,5209
1086,5209
1087,5210
1088,5220
1089,5220
1090,5210
1091,5220
1092,5230
1093,5220
1094,5210
1095,5219
1096,5209
1097,5210
1098,5210
1099,5210
1100,5210
1101,5210
1102,5210
1103,5220
1104,5210
1105,5209
1106,5210
1107,5210
1108,5210
1109,5220
1110,5220
1111,5200
1112,5210
1113,5210
1114,5209
1115,5219
1116,5210
1117,5200
1118,5210
1119,5210
1120,5210
1121,5220
1122,5210
1123,5209
1124,5199
1125,5220
1126,5210
1127,5220
1128,5210
1129,5210
1130,5210
1131,5210
1132,5210
1133,5219
1134,5219
1135,5210
1136,5210
1137,5210
1138,5210
1139,5210
1140,5220
1141,5200
1142,5209
1143,5209
1144,5210
1145,5220
1146,5220
1147,5210
1148,5210
1149,5210
1150,5210
1151,5210
1152,5219
1153,5200
1154,5210
1155,5210
1156,5210
1157,5220
1158,5200
1159,5200
1160,5189
1161,5199
1162,5200
1163,5190
1164,5200
1165,5190
1166,5190
1167,5190
1168,5199
1169,5190
1170,5200
1171,5190
1172,5180
1173,5180
1174,5179
1175,5189
1176,5180
1177,5190
1178,5180
1179,5180
1180,5180
1181,5179
1182,5190
1183,5190
1184,5180
1185,5170
1186,5200
1187,5199
1188,5219
1189,5230
1190,5210
1191,5220
1192,5210
1193,5220
1194,5220
1195,5220
1196,5190
1197,5149
1198,5150
1199,5140
1200,5150
1201,5139
1202,5139
1203,5140
1204,5140
1205,5140
1206,5139
1207,5150
1208,5140
1209,5140
1210,5139
1211,5140
1212,5140
1213,5150
1214,5139
1215,5140
1216,5130
1217,5140
1218,5139
1219,5150
1220,5140
1221,5140
1222,5139
1223,5129
1224,5150
1225,5150
1226,5139
1227,5139
1228,5130
1229,5140
1230,5140
1231,5139
1232,5140
1233,5140
1234,5130
1235,5139
1236,5140
1237,5140
1238,5150
1239,5139
1240,5140
1241,5130
1242,5140
1243,5149
1244,5140
1245,5140
1246,5130
1247,5139
1248,5140
1249,6663
1250,6913
1251,5851
1252,5120
1253,5129
1254,5139
1255,5140
1256,5140
1257,5140
1258,5129
1259,5140
1260,5130
1261,5150
1262,5139
1263,5140
1264,5140
1265,5140
1266,5129
1267,5150
1268,5140
1269,5130
1270,5139
1271,5130
1272,5130
1273,5150
1274,5139
1275,5140
1276,5140
1277,5130
1278,5139
1279,5150
1280,5140
1281,5130
1282,5139
1283,5140
1284,5140
1285,5130
1286,5149
1287,5130
1288,5140
1289,5130
1290,5129
1291,5130
1292,5150
1293,5140
1294,5139
1295,5130
1296,5130
1297,5130
1298,5139
1299,5140
1300,5130
1301,5130
1302,5139
1303,5140
1304,5140
1305,5140
1306,5139
1307,5140
1308,5130
1309,5130
1310,5139
1311,5139
1312,5130
1313,5140
1314,5139
1315,5140
1316,5150
1317,5140
1318,5139
1319,5129
1320,5130
1321,5130
1322,5139
1323,5129
1324,5130
1325,5120
1326,5129
1327,5120
1328,5130
1329,5140
1330,5129
1331,5120
1332,5120
1333,5109
1334,5119
1335,5120
1336,5130
1337,5119
1338,5140
1339,5130
1340,5150
1341,5149
1342,5150
1343,5140
1344,5140
1345,5129
1346,5149
1347,5140
1348,5150
1349,5089
1350,5069
1351,5070
1352,5059
1353,5070
1354,5070
1355,5069
1356,5070
1357,5069
1358,5059
1359,5070
1360,5069
1361,5070
1362,5060
1363,5069
1364,5060
1365,5069
1366,5070
1367,5060
1368,5069
1369,5060
1370,5060
1371,5069
1372,5060
1373,5069
1374,5070
1375,5060
1376,5069
1377,5060
1378,5069
1379,5069
1380,5080
1381,5059
1382,5060
1383,5060
1384,5069
1385,5070
1386,5069
1387,5070
1388,5060
1389,5059
1390,5070
1391,5070
1392,5069
1393,5070
1394,5059
1395,5060
1396,5070
1397,5059
1398,5070
1399,5069
1400,5069
1401,5060
1402,5069
1403,5070
1404,5070
1405,5069
1406,5060
1407,5069
1408,5069
1409,5070
1410,5069
1411,5070
1412,5070
1413,5059
1414,5070
1415,5069
1416,5070
1417,5070
1418,5069
1419,5070
1420,5070
1421,5059
1422,5070
1423,5069
1424,5070
1425,5070
1426,5059
1427,5060
1428,5069
1429,5069
1430,5070
1431,5059
1432,5060
1433,5060
1434,5069
1435,5070
1436,5069
1437,5059
1438,5060
1439,5059
1440,5070
1441,5060
1442,5069
1443,5461
1444,5069
1445,7374
1446,5100
1447,5049
1448,5070
1449,5070
1450,5069
1451,5070
1452,5060
1453,5079
1454,5070
1455,5069
1456,5059
1457,5060
1458,5059
1459,5070
1460,5060
1461,5069
1462,5070
1463,5059
1464,5060
1465,5060
1466,5069
1467,5060
1468,5059
1469,5060
1470,5060
1471,5069
1472,5060
1473,5070
1474,5069
1475,5050
1476,5069
1477,5070
1478,5060
1479,5059
1480,5070
1481,5059
1482,5060
1483,5060
1484,5059
1485,5070
1486,5069
1487,5059
1488,5050
1489,5049
1490,5070
1491,5059
1492,5069
1493,5060
1494,5059
1495,5070
1496,5040
1497,5059
1498,5070
1499,5059
1500,5070
1501,5060
1502,5069
1503,5060
1504,5069
1505,5059
1506,5060
1507,5039
1508,5050
1509,5069
1510,5049
1511,5070
1512,5049
1513,5060
1514,5049
1515,5059
1516,5050
1517,5069
1518,5050
1519,5059
1520,5049
1521,5070
1522,5049
1523,5070
1524,5059
1525,5069
1526,5040
1527,5039
1528,5050
1529,5039
1530,5060
1531,5040
1532,5059
1533,5030
1534,5049
1535,5050
1536,5060
1537,5059
1538,5050
1539,5059
1540,5060
1541,5060
1542,5049
1543,5070
1544,5039
1545,5060
1546,5050
1547,5069
1548,5060
1549,5069
1550,5050
1551,5060
1552,5039
1553,5060
1554,5049
1555,5070
1556,5050
1557,5059
1558,5060
1559,5069
1560,5060
1561,5080
1562,5059
1563,5070
1564,5059
1565,5069
1566,5060
1567,5079
1568,5040
1569,5019
1570,4989
1571,4999
1572,5010
1573,4999
1574,4990
1575,4999
1576,4990
1577,4999
1578,4990
1579,4999
1580,4990
1581,4999
1582,4990
1583,4999
1584,4980
1585,4999
1586,4990
1587,4999
1588,4990
1589,4999
1590,4980
1591,4999
1592,4989
1593,4999
1594,4989
1595,5000
1596,4979
1597,5000
1598,4979
1599,5000
1600,4989
1601,4990
1602,4979
1603,5000
1604,4999
1605,5000
1606,4989
1607,5000
1608,4979
1609,5000
1610,4989
1611,5000
1612,4989
1613,5000
1614,4979
1615,4989
1616,4989
1617,4999
1618,4989
1619,5009
1620,4980
1621,4999
1622,4990
1623,4999
1624,4990
1625,4999
1626,4980
1627,4989
1628,4980
1629,4999
1630,4990
1631,4999
1632,4980
1633,4989
1634,4980
1635,4999
1636,5000
1637,4989
1638,4989
1639,5600
1640,5020
1641,7614
1642,5030
1643,5009
1644,5000
1645,4989
1646,5000
1647,5009
1648,5010
1649,4999
1650,5000
1651,4999
1652,5000
1653,4999
1654,5010
1655,4999
1656,5000
1657,4999
1658,5000
1659,4999
1660,5010
1661,5009
1662,5000
1663,4999
1664,5000
1665,4989
1666,4999
1667,4999
1668,5009
1669,5009
1670,4989
1671,4999
1672,4999
1673,5009
1674,5020
1675,4999
1676,4989
1677,4989
1678,4999
1679,4999
1680,4999
1681,5009
1682,4999
1683,4989
1684,4999
1685,5000
1686,4999
1687,5000
1688,4999
1689,5000
1690,4989
1691,5000
1692,4999
1693,5000
1694,4999
1695,5000
1696,4989
1697,5000
1698,4999
1699,5000
1700,4999
1701,5000
1702,4989
1703,5000
1704,5009
1705,5020
1706,5029
1707,5000
1708,4999
1709,5000
1710,4999
1711,5010
1712,4999
1713,5010
1714,4999
1715,5000
1716,4999
1717,5000
1718,5009
1719,5010
1720,4999
1721,4990
1722,4999
1723,5000
1724,4999
1725,5000
1726,4999
1727,5000
1728,4989
1729,5000
1730,4999
1731,5000
1732,4999
1733,5000
1734,4989
1735,5000
1736,5009
1737,5010
1738,5029
1739,5000
1740,4989
1741,4990
1742,4999
1743,5000
1744,4999
1745,5000
1746,4999
1747,5000
1748,4999
1749,5000
1750,4999
1751,5000
1752,4999
1753,4990
1754,4999
1755,5000
1756,4999
1757,5000
1758,4999
1759,5000
1760,4999
1761,4999
1762,4999
1763,5009
1764,6722
1765,7044
1766,5600
1767,5511
1768,5650
1769,5000
1770,4989
1771,4970
1772,5009
1773,4970
1774,4999
1775,4980
1776,4999
1777,4980
1778,4989
1779,4970
1780,4999
1781,4980
1782,5009
1783,4989
1784,4999
1785,4979
1786,4990
1787,4989
1788,5000
1789,4989
1790,7655
1791,5801
1792,5510
1793,5611
1794,4949
1795,4920
1796,6031
1797,6803
1798,4959
1799,4929
1800,4909
1801,4909
1802,4909
1803,4899
1804,4909
1805,4900
1806,4919
1807,4909
1808,4900
1809,4909
1810,4909
1811,4910
1812,4919
1813,4909
1814,6132
1815,5921
1816,6212
1817,5931
1818,6302
1819,7124
1820,5460
1821,5761
1822,6312
1823,6512
1824,6242
1825,5140
1826,4909
1827,4910
1828,4929
1829,4929
1830,4920
1831,4909
1832,5651
1833,4959
1834,9007
1835,4909
1836,4919
1837,4919
1838,4909
1839,4909
1840,4899
1841,4919
1842,4900
1843,4919
1844,4899
1845,4910
1846,4909
1847,4929
1848,4900
1849,4919
1850,4909
1851,4930
1852,4919
1853,4909
1854,4900
1855,4929
1856,4909
1857,4930
1858,4909
1859,4929
1860,4920
1861,4909
1862,4909
1863,4920
1864,4899
1865,4929
1866,4910
1867,4939
1868,4919
1869,4910
1870,4899
1871,4929
1872,4910
1873,4919
1874,4899
1875,4920
1876,4909
1877,4909
1878,4900
1879,4919
1880,4909
1881,4920
1882,4899
1883,4919
1884,4910
1885,4909
1886,4909
1887,4920
1888,4909
1889,4919
1890,4900
1891,4929
1892,4909
1893,4920
1894,4909
1895,4919
1896,4899
1897,4929
1898,4909
1899,4940
1900,4909
1901,4909
1902,4909
1903,4929
1904,4909
1905,4919
1906,4909
1907,4919
1908,4909
1909,4909
1910,4909
1911,4919
1912,4909
1913,4919
1914,4899
1915,4920
1916,4909
1917,4919
1918,4910
1919,4919
1920,4909
1921,4930
1922,4899
1923,4929
1924,4910
1925,4909
1926,4909
1927,4930
1928,4909
1929,4929
1930,4910
1931,4949
1932,4909
1933,4910
1934,4899
1935,4919
1936,4910
1937,4929
1938,4909
1939,4920
1940,4909
1941,4909
1942,4910
1943,4919
1944,4909
1945,4930
1946,4909
1947,4919
1948,4910
1949,4909
1950,4909
1951,4930
1952,4899
1953,4929
1954,4900
1955,4929
1956,4919
1957,4910
1958,4899
1959,4909
1960,4889
1961,4919
1962,4899
1963,4940
1964,4909
1965,4899
1966,4889
1967,4910
1968,4899
1969,4919
1970,4900
1971,4909
1972,4909
1973,4910
1974,4899
1975,4919
1976,4900
1977,4919
1978,4899
1979,4910
1980,4899
1981,4909
1982,4900
1983,4919
1984,4899
1985,4909
1986,4899
1987,4919
1988,4909
1989,4910
1990,4899
1991,4919
1992,4900
1993,4909
1994,4899
1995,4930
1996,4909
1997,4909
1998,4890
1999,4919
2000,4899
2001,4920
2002,4899
2003,4909
2004,4900
2005,4889
2006,4889
2007,4909
2008,4900
2009,4919
2010,4899
2011,4910
2012,4909
2013,4919
2014,4910
2015,4929
2016,4909
2017,4930
2018,4909
2019,4929
2020,4920
2021,4919
2022,4909
2023,4890
2024,4849
2025,4859
2026,4839
2027,4880
2028,4849
2029,4849
2030,4839
2031,4859
2032,4840
2033,5420
2034,4879
2035,7053
2036,4909
2037,4849
2038,4839
2039,4839
2040,4870
2041,4849
2042,4839
2043,4839
2044,4829
2045,4840
2046,4849
2047,4839
2048,4839
2049,4839
2050,4839
2051,4829
2052,4839
2053,4849
2054,4839
2055,4839
2056,4840
2057,4839
2058,4839
2059,4839
2060,4839
2061,4840
2062,4839
2063,4839
2064,4839
2065,4839
2066,4839
2067,4839
2068,4839
2069,4839
2070,4819
2071,4849
2072,4840
2073,4839
2074,4839
2075,4839
2076,4839
2077,4830
2078,4839
2079,4839
2080,4839
2081,4839
2082,4829
2083,4829
2084,4829
2085,4839
2086,4839
2087,4839
2088,4840
2089,4829
2090,4829
2091,4839
2092,4849
2093,4839
2094,4839
2095,4839
2096,4829
2097,4829
2098,4839
2099,4850
2100,4839
2101,4839
2102,4829
2103,4849
2104,4839
2105,4839
2106,4839
2107,4839
2108,4829
2109,4839
2110,4840
2111,4839
2112,4839
2113,4839
2114,4829
2115,4840
2116,4829
2117,4839
2118,4839
2119,4839
2120,4839
2121,4839
2122,4829
2123,4829
2124,4839
2125,4849
2126,4840
2127,4839
2128,4839
2129,4829
2130,4829
2131,4839
2132,4849
2133,4839
2134,4829
2135,4849
2136,4829
2137,4830
2138,4839
2139,4839
2140,4839
2141,4839
2142,4830
2143,4839
2144,4839
2145,4839
2146,4839
2147,4839
2148,4839
2149,4829
2150,4829
2151,4839
2152,4839
2153,4840
2154,4839
2155,4829
2156,4819
2157,4829
2158,4829
2159,4829
2160,4829
2161,4839
2162,4829
2163,4829
2164,4839
2165,4839
2166,4829
2167,4859
2168,4829
2169,4829
2170,4830
2171,4839
2172,4829
2173,4839
2174,4839
2175,4829
2176,4839
2177,4839
2178,4839
2179,4839
2180,4829
2181,4840
2182,4829
2183,4799
2184,4779
2185,4769
2186,4759
2187,4759
2188,4759
2189,4759
2190,4759
2191,4759
2192,4759
2193,4759
2194,4759
2195,4759
2196,4759
2197,4769
2198,4758
2199,4779
2200,4759
2201,4769
2202,4759
2203,4769
2204,4769
2205,4759
2206,4759
2207,4759
2208,4759
2209,4759
2210,4759
2211,4769
2212,4769
2213,4759
2214,4759
2215,4759
2216,4759
2217,4769
2218,4769
2219,4769
2220,4769
2221,4759
2222,4758
2223,4769
2224,4769
2225,4759
2226,4759
2227,4769
2228,4759
2229,4759
2230,4759
2231,4789
2232,4769
2233,4769
2234,4759
2235,4759
2236,4769
2237,4769
2238,4769
2239,5360
2240,4769
2241,9298
2242,4759
2243,4779
2244,4779
2245,4769
2246,4769
2247,4759
2248,4769
2249,4769
2250,4779
2251,4779
2252,4769
2253,4759
2254,4759
2255,4769
2256,4779
2257,4779
2258,4769
2259,4769
2260,4769
2261,4759
2262,4769
2263,4779
2264,4769
2265,4769
2266,4769
2267,4769
2268,4769
2269,4759
2270,4769
2271,4769
2272,4769
2273,4759
2274,4779
2275,4769
2276,4769
2277,4769
2278,4769
2279,4769
2280,4769
2281,4759
2282,4769
2283,4779
2284,4769
2285,4759
2286,4769
2287,4769
2288,4759
2289,4769
2290,4779
2291,4769
2292,4769
2293,4759
2294,4769
2295,4769
2296,4779
2297,4769
2298,4779
2299,4769
2300,4769
2301,4759
2302,4769
2303,4769
2304,4769
2305,4748
2306,4779
2307,4769
2308,4759
2309,4769
2310,4779
2311,4769
2312,4769
2313,4769
2314,4759
2315,4769
2316,4769
2317,4759
2318,4769
2319,4769
2320,4769
2321,4759
2322,4769
2323,4779
2324,4769
2325,4759
2326,4769
2327,4759
2328,4759
2329,4769
2330,4769
2331,4769
2332,4759
2333,4749
2334,4759
2335,4759
2336,4769
2337,4749
2338,4769
2339,8136
2340,6432
2341,5721
2342,5530
2343,5741
2344,5721
2345,5260
2346,5360
2347,4929
2348,4779
2349,4779
2350,4769
2351,4769
2352,4759
2353,4759
2354,4769
2355,4769
2356,4769
2357,4759
2358,4769
2359,4759
2360,4769
2361,4769
2362,4769
2363,4769
2364,4759
2365,4759
2366,4759
2367,4769
2368,4769
2369,4779
2370,4769
2371,4769
2372,4769
2373,4769
2374,4769
2375,4779
2376,4779
2377,4769
2378,4769
2379,4769
2380,4769
2381,4759
2382,4759
2383,4749
2384,4739
2385,4739
2386,4749
2387,4749
2388,4749
2389,4749
2390,4739
2391,4729
2392,4739
2393,4739
2394,4739
2395,4739
2396,4749
2397,4739
2398,4739
2399,4739
2400,4749
2401,4749
2402,4749
2403,4739
2404,4739
2405,4739
2406,4739
2407,4749
2408,4739
2409,4749
2410,4739
2411,4739
2412,4739
2413,5921
2414,5862
2415,5610
2416,6182
2417,4779
2418,4739
2419,4739
2420,4749
2421,4759
2422,4749
2423,5520
2424,5841
2425,5770
2426,4759
2427,4749
2428,4739
2429,4739
2430,4708
2431,4749
2432,4749
2433,4749
2434,4759
2435,4759
2436,4749
2437,4749
2438,4749
2439,4749
2440,4749
2441,4749
2442,4749
2443,10520
2444,4769
2445,4749
2446,4749
2447,4729
2448,4739
2449,4749
2450,4749
2451,4759
2452,4739
2453,4759
2454,4739
2455,4749
2456,4739
2457,4759
2458,4749
2459,4759
2460,4739
2461,4749
2462,4739
2463,4759
2464,4749
2465,4759
2466,4739
2467,4759
2468,4739
2469,4759
2470,4739
2471,4759
2472,4749
2473,4759
2474,4739
2475,4749
2476,4749
2477,4749
2478,4739
2479,4759
2480,4749
2481,4759
2482,4739
2483,4749
2484,4739
2485,4759
2486,4739
2487,4739
2488,4749
2489,4739
2490,4759
2491,4739
2492,4759
2493,4749
2494,4739
2495,4749
2496,4739
2497,4749
2498,4739
2499,4759
2500,4749
2501,4759
2502,4739
2503,4749
2504,4749
2505,4759
2506,4738
2507,4748
2508,4739
2509,4759
2510,4759
2511,4749
2512,4759
2513,4739
2514,4749
2515,4739
2516,4759
2517,4749
2518,4759
2519,4759
2520,4739
2521,4749
2522,4739
2523,4759
2524,4739
2525,4759
2526,4749
2527,4759
2528,4739
2529,4759
2530,4739
2531,4749
2532,4739
2533,4759
2534,4749
2535,4749
2536,4739
2537,4759
2538,4749
2539,4759
2540,4739
2541,4759
2542,4739
2543,4759
2544,4749
2545,4759
2546,4749
2547,4759
2548,4739
2549,4749
2550,4749
2551,4759
2552,4749
2553,4759
2554,4739
2555,4749
2556,4739
2557,4749
2558,4739
2559,4759
2560,4749
2561,4759
2562,4729
2563,4749
2564,4749
2565,4759
2566,4739
2567,4759
2568,4739
2569,4749
2570,4739
2571,4759
2572,4748
2573,4758
2574,4738
2575,4749
2576,4739
2577,4749
2578,4739
2579,4759
2580,4749
2581,4749
2582,4739
2583,4749
2584,4739
2585,4759
2586,4739
2587,4759
2588,4739
2589,4759
2590,4739
2591,4749
2592,4739
2593,4759
2594,4749
2595,4759
2596,4739
2597,4749
2598,4739
2599,4749
2600,4749
2601,4759
2602,4739
2603,4749
2604,4739
2605,4759
2606,4739
2607,4759
2608,4739
2609,4749
2610,4729
2611,4759
2612,4749
2613,4749
2614,4749
2615,4749
2616,4729
2617,4749
2618,4739
2619,4749
2620,4739
2621,4759
2622,4739
2623,4749
2624,4739
2625,4759
2626,4739
2627,4759
2628,4749
2629,4749
2630,4739
2631,4759
2632,4739
2633,4759
2634,4749
2635,4749
2636,4729
2637,4749
2638,4749
2639,4739
2640,4758
2641,4748
2642,4748
2643,4728
2644,4748
2645,4749
2646,4749
2647,4759
2648,4739
2649,4749
2650,5320
2651,4739
2652,4759
2653,6101
2654,4749
2655,4749
2656,4749
2657,4749
2658,4739
2659,4769
2660,4739
2661,4729
2662,4729
2663,4729
2664,4739
2665,4739
2666,4739
2667,4739
2668,4739
2669,4729
2670,4739
2671,4739
2672,4729
2673,4739
2674,4739
2675,4739
2676,4729
2677,4739
2678,4739
2679,4729
2680,4739
2681,4739
2682,4729
2683,4729
2684,4729
2685,4739
2686,4759
2687,4779
2688,4769
2689,4729
2690,4739
2691,4739
2692,4739
2693,4749
2694,4739
2695,4739
2696,4739
2697,4739
2698,4739
2699,4739
2700,4739
2701,4739
2702,4729
2703,4739
2704,4739
2705,4739
2706,4749
2707,4749
2708,4739
2709,4729
2710,4779
2711,4739
2712,4739
2713,4739
2714,4739
2715,4729
2716,4729
2717,4729
2718,4759
2719,4739
2720,4779
2721,4739
2722,4739
2723,4729
2724,4729
2725,4739
2726,4739
2727,4769
2728,4739
2729,4729
2730,4729
2731,4739
2732,4739
2733,4739
2734,4739
2735,4739
2736,4739
2737,4739
2738,4739
2739,4739
2740,4739
2741,4739
2742,4729
2743,4729
2744,4739
2745,4739
2746,4739
2747,4749
2748,4739
2749,4729
2750,4759
2751,4769
2752,4779
2753,4749
2754,4739
2755,4739
2756,4739
2757,4739
2758,4739
2759,4759
2760,4759
2761,4749
2762,4748
2763,4748
2764,4748
2765,4749
2766,4759
2767,4759
2768,4759
2769,4749
2770,4749
2771,4749
2772,4749
2773,4759
2774,4759
2775,4749
2776,4759
2777,4759
2778,4759
2779,4759
2780,4769
2781,4769
2782,4789
2783,4789
2784,4779
2785,4749
2786,4749
2787,6483
2788,6251
2789,23445
2790,4949
2791,4759
2792,4759
2793,4749
2794,4759
2795,4759
2796,4749
2797,4769
2798,4749
2799,4759
2800,4739
2801,4769
2802,4749
2803,4759
2804,4738
2805,4759
2806,4738
2807,4759
2808,4749
2809,4769
2810,4749
2811,4759
2812,4739
2813,4759
2814,4749
2815,4769
2816,4749
2817,4769
2818,4739
2819,4759
2820,4739
2821,4769
2822,4749
2823,4749
2824,4769
2825,4749
2826,4759
2827,4739
2828,4769
2829,4749
2830,4759
2831,4749
2832,4769
2833,4749
2834,4769
2835,4749
2836,4769
2837,4749
2838,4769
2839,4739
2840,4769
2841,4749
2842,4769
2843,4738
2844,4759
2845,4739
2846,4739
2847,4749
2848,4749
2849,4769
2850,4739
2851,4769
2852,4749
2853,4759
2854,4749
2855,6342
2856,6382
2857,4769
2858,4759
2859,4739
2860,4759
2861,4759
2862,4749
2863,4739
2864,4739
2865,4729
2866,4759
2867,4769
2868,4749
2869,4739
2870,4739
2871,4739
2872,4739
2873,4739
2874,4759
2875,4759
2876,4739
2877,4739
2878,4739
2879,4739
2880,4739
2881,4749
2882,4759
2883,4759
2884,4739
2885,4739
2886,4729
2887,4739
2888,4759
2889,4769
2890,4769
2891,4758
2892,4758
2893,4749
2894,4759
2895,4759
2896,4759
2897,4749
2898,4769
2899,4749
2900,4759
2901,4759
2902,4759
2903,4749
2904,4759
2905,4759
2906,4769
2907,4759
2908,4759
2909,4759
2910,4759
2911,4759
2912,4759
2913,4759
2914,4769
2915,4759
2916,4759
2917,4759
2918,4749
2919,4759
2920,4758
2921,4759
2922,4769
2923,4759
2924,4759
2925,4749
2926,4759
2927,4769
2928,4759
2929,4759
2930,4759
2931,4749
2932,4749
2933,4759
2934,4769
2935,4769
2936,4759
2937,4749
2938,4759
2939,4749
2940,4759
2941,4769
2942,4769
2943,4759
2944,4759
2945,4759
2946,4769
2947,4759
2948,4759
2949,4769
2950,4769
2951,4759
2952,4759
2953,4769
2954,4769
2955,4769
2956,4769
2957,4759
2958,4759
2959,4759
2960,4759
2961,4769
2962,4769
2963,4769
2964,4769
2965,4759
2966,4769
2967,4769
2968,4769
2969,4779
2970,4769
2971,4759
2972,4759
2973,4759
2974,4769
2975,4779
2976,4769
2977,4759
2978,4769
2979,4769
2980,4769
2981,4769
2982,4779
2983,4769
2984,4759
2985,4759
2986,4769
2987,4759
2988,4769
2989,4769
2990,4769
2991,4759
2992,4759
2993,4769
2994,4779
2995,4769
2996,4769
2997,4769
2998,4749
2999,4769
3000,4769
3001,4769
3002,4779
3003,4769
3004,4769
3005,4759
3006,4769
3007,4749
3008,4758
3009,4759
3010,4769
3011,4769
3012,4739
3013,4749
3014,4749
3015,4759
3016,4749
3017,4749
3018,4759
3019,4769
3020,4749
3021,4749
3022,4749
3023,4749
3024,4749
3025,4749
3026,4769
3027,4769
3028,4749
3029,4759
3030,4749
3031,4739
3032,4739
3033,4749
3034,4769
3035,4779
3036,4749
3037,4759
3038,4769
3039,4759
3040,4769
3041,4769
3042,4779
3043,4759
3044,4759
3045,4759
3046,4759
3047,4769
3048,4769
3049,4769
3050,4769
3051,4759
3052,4759
3053,4759
3054,4769
3055,6573
3056,5740
3057,5510
3058,5320
3059,6312
3060,5521
3061,5941
3062,5831
3063,8957
3064,4819
3065,4759
3066,4769
3067,4769
3068,4749
3069,4739
3070,4749
3071,4749
3072,4749
3073,4759
3074,4759
3075,4749
3076,4749
3077,4759
3078,4759
3079,4759
3080,4749
3081,4749
3082,4749
3083,4749
3084,4749
3085,4748
3086,4758
3087,4759
3088,4759
3089,4749
3090,4759
3091,4759
3092,4749
3093,4759
3094,4759
3095,4759
3096,4779
3097,4769
3098,4749
3099,4759
3100,4759
3101,4759
3102,4749
3103,4749
3104,4749
3105,4749
3106,4759
3107,4759
3108,4749
3109,4739
3110,4749
3111,4749
3112,4749
3113,4759
3114,4759
3115,4749
3116,4749
3117,4759
3118,4749
3119,4759
3120,4759
3121,4759
3122,4749
3123,4759
3124,4749
3125,4748
3126,4759
3127,4769
3128,4779
3129,4769
3130,4749
3131,4749
3132,4749
3133,4759
3134,4749
3135,4749
3136,4749
3137,4749
3138,4749
3139,4749
3140,4759
3141,4749
3142,4749
3143,4749
3144,4749
3145,4749
3146,4749
3147,4749
3148,4749
3149,4739
3150,4749
3151,4749
3152,4749
3153,4759
3154,4749
3155,4749
3156,4739
3157,4749
3158,4749
3159,4769
3160,4789
3161,4768
3162,4749
3163,4749
3164,4749
3165,4749
3166,4749
3167,4749
3168,4749
3169,4739
3170,4749
3171,4749
3172,4759
3173,4749
3174,4749
3175,4749
3176,4749
3177,4749
3178,4749
3179,4759
3180,4759
3181,4749
3182,4739
3183,4749
3184,4759
3185,4759
3186,4759
3187,4749
3188,4749
3189,4749
3190,4749
3191,4769
3192,4789
3193,4779
3194,4759
3195,4749
3196,4739
3197,4749
3198,4769
3199,4759
3200,4748
3201,4749
3202,4749
3203,4749
3204,4749
3205,4749
3206,4759
3207,4749
3208,4749
3209,4739
3210,4749
3211,4749
3212,4749
3213,4759
3214,4759
3215,4749
3216,4749
3217,4759
3218,4749
3219,4759
3220,4759
3221,4749
3222,4749
3223,4759
3224,4779
3225,4769
3226,4759
3227,4759
3228,4749
3229,4749
3230,4759
3231,4749
3232,4749
3233,4759
3234,4759
3235,4749
3236,4739
3237,4749
3238,4749
3239,4749
3240,4758
3241,4759
3242,4749
3243,4749
3244,4749
3245,4749
3246,4749
3247,4749
3248,4749
3249,4739
3250,4749
3251,4759
3252,4759
3253,4759
3254,4749
3255,4759
3256,4769
3257,4759
3258,4749
3259,4749
3260,4759
3261,4759
3262,4749
3263,4739
3264,4749
3265,4749
3266,4749
3267,4759
3268,5661
3269,5340
3270,6593
3271,4809
3272,4759
3273,4779
3274,4769
3275,4759
3276,4769
3277,4779
3278,4769
3279,4779
3280,4779
3281,4779
3282,4769
3283,4769
3284,4769
3285,4779
3286,4780
3287,4769
3288,4769
3289,4769
3290,4769
3291,4779
3292,4779
3293,4769
3294,4769
3295,4769
3296,4779
3297,4779
3298,4779
3299,4779
3300,4779
3301,4769
3302,4758
3303,4759
3304,4779
3305,4779
3306,4779
3307,4779
3308,4769
3309,4769
3310,4779
3311,4779
3312,4779
3313,4769
3314,4769
3315,4769
3316,4769
3317,4769
3318,4769
3319,4779
3320,4779
3321,4769
3322,4769
3323,4779
3324,4779
3325,4779
3326,4779
3327,4779
3328,4779
3329,4779
3330,4789
3331,4779
3332,4779
3333,4790
3334,4779
3335,4759
3336,4779
3337,4789
3338,4789
3339,4789
3340,4789
3341,4779
3342,4769
3343,4779
3344,4789
3345,4789
3346,4800
3347,4799
3348,4789
3349,4789
3350,4779
3351,4789
3352,4779
3353,4779
3354,4779
3355,4769
3356,4769
3357,4779
3358,4779
3359,4789
3360,4779
3361,4779
3362,4779
3363,4779
3364,4779
3365,4789
3366,4769
3367,4759
3368,4779
3369,4779
3370,4789
3371,4779
3372,4789
3373,4779
3374,4779
3375,4779
3376,4779
3377,4779
3378,4779
3379,4779
3380,4779
3381,4779
3382,4769
3383,4769
3384,4779
3385,4779
3386,4779
3387,4779
3388,4779
3389,4769
3390,4779
3391,4779
3392,4779
3393,4769
3394,4779
3395,4779
3396,4769
3397,4779
3398,4779
3399,4769
3400,4779
3401,4769
3402,4769
3403,4779
3404,4789
3405,4789
3406,4779
3407,4779
3408,4779
3409,4769
3410,4789
3411,4789
3412,4779
3413,4779
3414,4779
3415,4769
3416,4769
3417,4779
3418,4789
3419,4779
3420,4779
3421,4769
3422,4769
3423,4779
3424,4779
3425,4779
3426,4779
3427,4779
3428,4769
3429,4769
3430,4779
3431,4769
3432,4779
3433,4779
3434,4779
3435,4779
3436,4769
3437,4779
3438,4789
3439,4779
3440,4779
3441,4779
3442,4769
3443,4769
3444,4779
3445,4779
3446,4759
3447,4769
3448,4769
3449,4769
3450,4779
3451,4779
3452,4789
3453,4769
3454,4769
3455,4779
3456,4779
3457,4780
3458,4789
3459,4779
3460,4779
3461,4769
3462,4769
3463,4769
3464,4789
3465,4789
3466,4779
3467,4779
3468,4779
3469,4779
3470,4779
3471,4779
3472,4779
3473,4779
3474,4779
3475,4769
3476,6342
3477,7324
3478,4779
3479,4779
3480,4779
3481,4759
3482,4759
3483,4769
3484,4769
3485,4759
3486,4769
3487,4759
3488,6392
3489,6062
3490,6001
3491,4779
3492,6062
3493,5671
3494,5821
3495,6372
3496,5791
3497,6251
3498,6221
3499,5691
3500,5561
3501,5680
3502,5771
3503,5912
3504,5770
3505,6402
3506,5600
3507,6162
3508,6252
3509,5270
3510,6051
3511,6032
3512,5821
3513,6362
3514,6813
3515,5300
3516,5801
3517,6031
3518,5901
3519,6372
3520,6252
3521,6743
3522,6152
3523,6242
3524,6893
3525,5390
3526,5009
3527,4789
3528,4780
3529,6121
3530,6332
3531,6733
3532,4799
3533,6392
3534,6022
3535,4819
3536,4759
3537,4769
3538,4789
3539,4769
3540,4789
3541,4779
3542,4779
3543,4769
3544,4779
3545,4789
3546,4789
3547,4779
3548,4789
3549,4779
3550,4779
3551,4779
3552,4789
3553,4799
3554,4779
3555,4769
3556,4769
3557,4779
3558,4779
3559,4769
3560,4769
3561,4779
3562,4749
3563,4769
3564,4749
3565,4769
3566,4779
3567,4759
3568,4779
3569,4779
3570,4779
3571,4749
3572,4779
3573,4779
3574,4779
3575,4779
3576,4759
3577,4759
3578,4769
3579,4789
3580,4789
3581,4779
3582,4759
3583,4749
3584,4779
3585,4749
3586,4789
3587,4749
3588,4769
3589,4769
3590,4779
3591,4759
3592,4779
3593,4749
3594,4769
3595,4749
3596,4769
3597,4779
3598,4779
3599,4759
3600,4779
3601,4749
3602,4769
3603,4749
3604,4779
3605,4779
3606,4789
3607,4749
3608,4779
3609,4749
3610,4769
3611,4779
3612,4749
3613,4779
3614,4769
3615,4769
3616,4748
3617,4779
3618,4749
3619,4779
3620,4749
3621,4759
3622,4769
3623,4749
3624,4779
3625,4759
3626,4779
3627,4749
3628,4769
3629,4769
3630,4779
3631,4759
3632,4779
3633,4759
3634,4779
3635,4749
3636,4769
3637,4769
3638,4779
3639,4759
3640,4779
3641,4749
3642,4769
3643,4769
3644,4749
3645,4779
3646,4779
3647,4779
3648,4749
3649,4769
3650,4749
3651,4779
3652,4749
3653,4779
3654,4769
3655,4769
3656,4739
3657,4768
3658,4749
3659,4779
3660,4749
3661,4769
3662,4769
3663,4769
3664,4759
3665,4779
3666,4749
3667,4779
3668,4749
3669,4769
3670,4769
3671,5911
3672,5300
3673,6483
3674,4809
3675,4779
3676,5190
3677,4769
3678,4769
3679,4779
3680,4779
3681,4769
3682,4769
3683,4779
3684,4779
3685,4779
3686,4769
3687,4769
3688,4759
3689,4769
3690,4779
3691,4769
3692,4779
3693,4779
3694,4769
3695,4769
3696,4779
3697,4769
3698,4779
3699,4779
3700,4769
3701,4779
3702,4769
3703,4779
3704,4779
3705,4779
3706,4769
3707,4769
3708,4769
3709,4769
3710,4779
3711,4789
3712,4779
3713,4769
3714,4769
3715,4769
3716,4769
3717,4779
3718,4779
3719,4769
3720,4769
3721,4769
3722,4759
3723,4769
3724,4779
3725,4779
3726,4769
3727,4769
3728,4769
3729,4759
3730,4769
3731,4769
3732,4779
3733,4769
3734,4769
3735,4769
3736,4769
3737,4769
3738,4769
3739,4769
3740,4769
3741,4759
3742,4769
3743,4789
3744,4769
3745,4779
3746,4769
3747,4769
3748,4769
3749,4769
3750,4769
3751,4779
3752,4779
3753,4769
3754,4768
3755,4769
3756,4779
3757,4779
3758,4779
3759,4769
3760,4769
3761,4769
3762,4769
3763,4779
3764,4779
3765,4779
3766,4779
3767,4769
3768,4769
3769,4769
3770,4769
3771,4779
3772,4789
3773,4779
3774,4779
3775,4789
3776,4779
3777,4769
3778,4779
3779,4779
3780,4769
3781,4769
3782,4779
3783,4779
3784,4779
3785,4780
3786,4779
3787,4769
3788,4769
3789,4779
3790,4779
3791,4769
3792,4779
3793,4769
3794,4769
3795,4779
3796,4779
3797,4769
3798,4779
3799,4779
3800,4768
3801,4769
3802,4779
3803,4769
3804,4779
3805,4779
3806,4779
3807,4789
3808,4769
3809,4779
3810,4779
3811,4769
3812,4779
3813,4769
3814,4769
3815,4769
3816,4769
3817,4769
3818,4779
3819,4779
3820,4779
3821,4769
3822,4769
3823,4779
3824,4779
3825,4779
3826,4779
3827,4769
3828,4779
3829,4779
3830,4779
3831,4779
3832,4779
3833,4779
3834,4769
3835,4769
3836,4779
3837,4779
3838,4789
3839,4789
3840,4769
3841,4769
3842,4769
3843,4769
3844,4779
3845,4779
3846,4779
3847,4779
3848,4779
3849,4779
3850,4779
3851,4779
3852,4779
3853,4769
3854,4769
3855,4769
3856,4779
3857,4779
3858,4769
3859,4779
3860,4779
3861,4779
3862,4779
3863,4779
3864,4779
3865,4779
3866,4779
3867,4769
3868,4769
3869,4769
3870,4769
3871,4789
3872,4779
3873,4779
3874,4779
3875,4779
3876,4779
3877,4769
3878,4779
3879,6883
3880,7013
3881,4809
3882,4789
3883,4769
3884,4779
3885,4769
3886,4799
3887,4769
3888,4759
3889,4779
3890,4779
3891,4759
3892,4759
3893,4789
3894,4769
3895,4779
3896,4789
3897,4779
3898,4779
3899,4769
3900,4769
3901,4779
3902,4769
3903,4779
3904,4789
3905,4779
3906,4769
3907,4779
3908,4789
3909,4779
3910,4789
3911,4779
3912,4789
3913,4789
3914,4789
3915,4769
3916,4779
3917,4789
3918,4779
3919,4779
3920,4779
3921,4789
3922,4779
3923,4789
3924,4789
3925,4789
3926,4779
3927,4789
3928,4789
3929,4789
3930,4779
3931,4789
3932,4789
3933,4779
3934,4769
3935,4789
3936,4789
3937,4789
3938,4769
3939,4779
3940,4779
3941,4789
3942,4779
3943,4779
3944,4789
3945,4789
3946,4769
3947,4769
3948,4769
3949,4769
3950,4779
3951,4779
3952,4769
3953,4769
3954,4779
3955,4779
3956,4769
3957,4779
3958,4789
3959,4769
3960,4769
3961,4769
3962,4789
3963,4779
3964,4779
3965,4779
3966,4779
3967,4769
3968,4779
3969,4779
3970,4789
3971,4779
3972,4769
3973,4769
3974,4789
3975,4779
3976,4789
3977,4789
3978,4789
3979,4779
3980,4769
3981,4779
3982,4769
3983,4779
3984,4789
3985,4779
3986,4779
3987,4779
3988,4789
3989,4769
3990,4789
3991,4789
3992,4790
3993,4769
3994,4789
3995,4789
3996,4789
3997,4779
3998,4789
3999,4789
4000,4779
4001,4779
4002,4789
4003,4789
4004,4789
4005,4779
4006,4779
4007,4779
4008,4789
4009,4789
4010,4789
4011,4789
4012,4769
4013,4769
4014,4779
4015,4769
4016,4779
4017,4779
4018,4779
4019,4779
4020,4769
4021,4789
4022,4789
4023,4789
4024,4779
4025,4789
4026,4779
4027,4779
4028,4779
4029,4789
4030,4789
4031,4789
4032,4779
4033,4759
4034,4769
4035,4769
4036,4779
4037,4779
4038,4769
4039,4759
4040,4779
4041,4799
4042,4769
4043,4769
4044,4779
4045,4769
4046,4759
4047,4769
4048,4769
4049,4769
4050,4779
4051,4769
4052,4769
4053,4769
4054,4769
4055,4769
4056,4769
4057,4769
4058,4769
4059,4769
4060,4769
4061,4769
4062,4769
4063,4769
4064,4768
4065,4769
4066,4759
4067,4769
4068,4779
4069,4769
4070,4769
4071,4769
4072,4789
4073,4789
4074,4769
4075,4769
4076,4779
4077,4779
4078,4769
4079,4759
4080,4759
4081,4769
4082,4769
4083,4769
4084,4769
4085,6141
4086,5130
4087,8085
4088,4799
4089,5109
4090,4759
4091,4779
4092,4779
4093,4769
4094,4790
4095,4789
4096,4779
4097,4759
4098,4759
4099,4769
4100,4769
4101,4769
4102,4789
4103,4789
4104,4769
4105,4769
4106,4769
4107,4769
4108,4779
4109,4779
4110,4790
4111,4769
4112,4759
4113,4769
4114,4769
4115,4769
4116,4769
4117,4769
4118,4779
4119,4779
4120,4769
4121,4769
4122,4779
4123,4789
4124,4759
4125,5701
4126,6122
4127,5069
4128,4779
4129,4789
4130,6071
4131,7003
4132,5691
4133,4799
4134,4769
4135,4789
4136,4779
4137,4769
4138,4779
4139,4799
4140,4799
4141,4799
4142,4799
4143,4799
4144,4799
4145,4809
4146,4800
4147,4799
4148,4799
4149,4799
4150,4789
4151,4789
4152,4799
4153,4799
4154,4799
4155,4800
4156,4789
4157,4789
4158,4799
4159,4799
4160,4799
4161,4799
4162,4789
4163,4789
4164,4779
4165,4809
4166,4799
4167,4809
4168,4799
4169,4789
4170,4789
4171,4799
4172,4799
4173,4799
4174,4799
4175,4799
4176,4799
4177,4799
4178,4799
4179,4809
4180,4799
4181,4799
4182,4799
4183,4799
4184,4789
4185,4799
4186,4799
4187,4809
4188,4809
4189,4809
4190,4799
4191,4790
4192,4799
4193,4809
4194,4819
4195,4809
4196,4779
4197,4809
4198,4799
4199,4810
4200,4809
4201,4799
4202,4799
4203,4789
4204,4799
4205,4799
4206,4799
4207,4809
4208,4800
4209,4789
4210,4789
4211,4799
4212,4799
4213,4799
4214,4799
4215,4799
4216,4789
4217,4789
4218,4799
4219,4799
4220,4799
4221,4789
4222,4799
4223,4789
4224,4799
4225,4799
4226,4799
4227,4809
4228,4779
4229,4799
4230,4789
4231,6402
4232,6082
4233,6732
4234,6402
4235,5290
4236,5279
4237,5310
4238,4799
4239,4779
4240,4779
4241,4769
4242,4769
4243,4749
4244,4759
4245,4759
4246,4749
4247,4759
4248,4749
4249,4749
4250,5751
4251,6442
4252,6002
4253,6632
4254,6633
4255,5380
4256,4779
4257,4769
4258,4769
4259,5491
4260,6522
4261,5340
4262,4799
4263,4779
4264,4779
4265,4759
4266,4769
4267,4790
4268,4789
4269,4789
4270,4789
4271,4789
4272,4779
4273,4779
4274,4789
4275,4789
4276,4789
4277,4789
4278,4779
4279,4769
4280,4789
4281,4789
4282,4789
4283,4779
4284,4779
4285,4779
4286,5380
4287,4829
4288,7805
4289,4799
4290,4769
4291,4789
4292,4779
4293,4789
4294,4779
4295,4779
4296,4779
4297,4769
4298,4769
4299,4779
4300,4779
4301,4769
4302,4759
4303,4759
4304,4759
4305,4759
4306,4779
4307,4789
4308,4779
4309,4769
4310,4769
4311,4759
4312,4759
4313,4769
4314,4779
4315,4789
4316,6893
4317,6012
4318,6241
4319,6964
4320,7774
4321,5922
4322,6933
4323,6051
4324,6202
4325,6001
4326,6573
4327,6562
4328,6492
4329,5640
4330,5761
4331,6713
4332,6071
4333,6122
4334,6753
4335,6001
4336,6182
4337,8235
4338,7264
4339,6492
4340,7383
4341,6091
4342,6302
4343,7705
4344,4989
4345,4789
4346,4789
4347,4769
4348,4789
4349,4759
4350,4779
4351,4789
4352,4779
4353,4779
4354,4779
4355,4779
4356,4779
4357,4779
4358,4779
4359,4779
4360,4779
4361,4779
4362,4779
4363,4779
4364,4779
4365,4779
4366,4779
4367,4779
4368,4779
4369,4779
4370,4779
4371,4779
4372,4779
4373,4779
4374,4779
4375,4769
4376,4799
4377,5801
4378,6082
4379,6071
4380,6553
4381,5110
4382,6672
4383,6633
4384,6532
4385,5611
4386,4779
4387,4799
4388,4779
4389,4779
4390,4779
4391,4779
4392,4779
4393,4769
4394,4779
4395,4779
4396,4779
4397,4779
4398,4779
4399,4769
4400,4779
4401,4789
4402,4779
4403,4779
4404,4779
4405,4769
4406,4779
4407,4779
4408,4779
4409,4779
4410,4779
4411,4779
4412,4779
4413,4779
4414,4779
4415,4779
4416,4779
4417,4779
4418,4779
4419,4809
4420,4789
4421,4779
4422,4789
4423,4779
4424,4779
4425,4769
4426,4779
4427,4779
4428,4779
4429,4779
4430,4779
4431,4779
4432,4779
4433,4779
4434,4779
4435,4779
4436,4779
4437,4779
4438,4769
4439,4769
4440,4779
4441,4789
4442,4789
4443,4779
4444,4769
4445,4769
4446,4779
4447,4779
4448,4779
4449,4779
4450,4769
4451,4799
4452,4789
4453,4779
4454,4789
4455,4789
4456,4779
4457,4779
4458,4779
4459,4779
4460,4779
4461,4779
4462,4779
4463,4779
4464,4769
4465,4769
4466,4779
4467,4779
4468,4789
4469,4779
4470,4779
4471,4779
4472,4769
4473,4779
4474,4789
4475,4790
4476,4779
4477,4779
4478,4769
4479,4779
4480,6502
4481,5410
4482,8827
4483,5140
4484,4789
4485,4769
4486,4769
4487,4779
4488,4779
4489,4789
4490,4779
4491,4790
4492,4789
4493,4789
4494,4789
4495,4789
4496,4789
4497,4789
4498,4799
4499,4789
4500,4799
4501,4789
4502,4789
4503,4789
4504,4789
4505,4789
4506,4799
4507,4789
4508,4789
4509,4789
4510,4789
4511,4799
4512,4789
4513,4799
4514,4789
4515,4789
4516,4789
4517,4789
4518,4789
4519,4779
4520,4789
4521,4779
4522,4779
4523,4769
4524,4779
4525,4779
4526,4789
4527,4789
4528,4779
4529,4769
4530,4769
4531,4779
4532,4779
4533,4789
4534,4779
4535,4779
4536,4769
4537,4769
4538,4769
4539,4779
4540,4779
4541,4779
4542,4779
4543,4769
4544,4779
4545,4779
4546,4789
4547,4789
4548,4779
4549,4769
4550,4769
4551,4779
4552,4800
4553,4799
4554,4789
4555,4789
4556,4779
4557,4779
4558,4799
4559,4779
4560,4789
4561,4779
4562,4789
4563,4779
4564,4789
4565,4789
4566,4789
4567,4789
4568,4789
4569,4779
4570,4789
4571,4789
4572,4789
4573,4789
4574,4789
4575,4789
4576,4779
4577,4789
4578,4799
4579,4799
4580,4799
4581,4789
4582,4789
4583,4779
4584,4789
4585,4789
4586,4789
4587,4789
4588,4779
4589,4779
4590,4779
4591,4779
4592,4789
4593,4789
4594,4789
4595,4779
4596,4769
4597,4779
4598,4779
4599,4779
4600,4779
4601,4769
4602,4779
4603,4779
4604,4779
4605,4779
4606,4779
4607,4779
4608,4779
4609,4769
4610,4769
4611,4779
4612,4779
4613,4789
4614,4779
4615,4789
4616,4789
4617,4779
4618,4789
4619,4789
4620,4789
4621,4779
4622,4789
4623,4779
4624,4789
4625,4799
4626,4799
4627,4789
4628,4789
4629,4779
4630,4779
4631,4789
4632,4789
4633,4799
4634,4779
4635,4789
4636,4789
4637,4789
4638,4789
4639,4799
4640,4789
4641,4789
4642,4789
4643,4789
4644,4789
4645,4789
4646,4789
4647,4779
4648,4789
4649,4779
4650,4779
4651,4779
4652,4789
4653,4779
4654,4779
4655,4779
4656,4769
4657,4779
4658,4779
4659,4789
4660,4779
4661,4779
4662,4779
4663,4769
4664,4769
4665,4779
4666,4779
4667,4779
4668,4779
4669,4769
4670,4779
4671,4779
4672,4779
4673,4779
4674,4779
4675,4779
4676,4779
4677,4779
4678,4779
4679,4789
4680,4799
4681,4789
4682,4789
4683,4789
4684,4779
4685,4789
4686,5770
4687,6091
4688,8737
4689,5159
4690,4769
4691,4779
4692,4779
4693,4779
4694,4759
4695,4789
4696,4799
4697,4809
4698,4809
4699,4799
4700,4789
4701,4789
4702,4799
4703,4809
4704,4809
4705,4809
4706,4799
4707,4789
4708,4789
4709,4799
4710,4800
4711,4799
4712,4799
4713,4799
4714,4789
4715,4789
4716,4799
4717,4809
4718,4809
4719,4799
4720,4789
4721,4789
4722,4799
4723,4779
4724,4809
4725,4799
4726,4799
4727,4799
4728,4789
4729,4799
4730,4809
4731,4809
4732,4799
4733,4799
4734,4789
4735,4799
4736,4799
4737,4799
4738,4799
4739,4799
4740,4789
4741,4789
4742,4799
4743,4799
4744,4799
4745,4799
4746,4789
4747,4799
4748,4799
4749,4799
4750,4799
4751,4799
4752,4799
4753,4799
4754,4789
4755,4789
4756,4800
4757,4799
4758,4799
4759,4799
4760,4799
4761,4799
4762,4799
4763,4799
4764,4799
4765,4799
4766,4799
4767,4789
4768,4789
4769,4799
4770,4809
4771,4809
4772,4789
4773,4799
4774,4800
4775,4799
4776,4799
4777,4809
4778,4799
4779,4799
4780,4789
4781,4799
4782,4799
4783,4800
4784,4799
4785,4799
4786,4799
4787,4779
4788,4799
4789,4799
4790,4809
4791,4799
4792,4800
4793,4799
4794,4789
4795,4799
4796,4799
4797,4799
4798,4799
4799,4799
4800,4789
4801,4799
4802,4799
4803,4799
4804,4799
4805,4799
4806,4799
4807,4789
4808,4799
4809,4799
4810,4799
4811,4799
4812,4799
4813,4799
4814,4789
4815,4799
4816,4799
4817,4799
4818,4799
4819,4779
4820,4789
4821,4789
4822,4799
4823,4799
4824,4809
4825,4799
4826,4799
4827,4789
4828,4799
4829,4799
4830,4809
4831,4809
4832,4799
4833,4789
4834,4789
4835,4799
4836,4809
4837,4809
4838,4799
4839,4799
4840,4799
4841,4799
4842,4799
4843,4799
4844,4799
4845,4789
4846,4799
4847,4799
4848,4799
4849,4799
4850,4809
4851,4789
4852,4799
4853,4789
4854,4789
4855,4799
4856,4800
4857,4799
4858,4799
4859,4799
4860,4789
4861,4799
4862,4799
4863,4809
4864,4799
4865,4799
4866,4799
4867,4799
4868,4799
4869,4809
4870,4809
4871,4799
4872,4799
4873,4799
4874,4800
4875,4799
4876,4809
4877,4809
4878,4799
4879,4799
4880,4799
4881,4799
4882,4799
4883,4790
4884,4789
4885,4799
4886,4799
4887,4789
4888,4799
4889,4799
4890,4809
4891,4799
4892,6052
4893,4789
4894,6693
4895,4819
4896,4799
4897,4789
4898,4789
4899,4769
4900,4769
4901,4769
4902,4779
4903,4769
4904,4779
4905,4769
4906,4769
4907,4769
4908,4779
4909,4779
4910,4769
4911,4769
4912,4769
4913,4769
4914,4779
4915,4779
4916,4779
4917,4769
4918,4769
4919,4769
4920,4769
4921,4779
4922,4779
4923,4779
4924,4779
4925,4779
4926,4779
4927,4789
4928,4789
4929,4789
4930,4779
4931,4779
4932,4779
4933,4779
4934,4779
4935,4779
4936,4779
4937,4779
4938,4779
4939,4779
4940,4779
4941,4789
4942,4789
4943,4779
4944,4789
4945,4779
4946,4769
4947,4779
4948,4789
4949,4779
4950,4779
4951,4779
4952,4779
4953,4789
4954,4779
4955,4789
4956,4789
4957,4779
4958,4779
4959,4779
4960,4779
4961,4789
4962,4789
4963,4779
4964,4779
4965,4779
4966,4769
4967,4779
4968,4779
4969,4779
4970,4779
4971,4779
4972,4779
4973,4779
4974,4789
4975,4789
4976,4789
4977,4779
4978,4779
4979,4769
4980,4779
4981,4779
4982,4779
4983,4779
4984,4779
4985,4779
4986,4769
4987,4779
4988,4789
4989,4779
4990,4779
4991,4779
4992,4779
4993,4779
4994,4789
4995,4789
4996,4779
4997,4779
4998,4779
4999,4769
